"userId","movieId","tag"
"2","60756","funny"
"2","60756","Highly quotable"
"2","60756","will ferrell"
"2","89774","Boxing story"
"2","89774","MMA"
"2","89774","Tom Hardy"
"2","106782","drugs"
"2","106782","Leonardo DiCaprio"
"2","106782","Martin Scorsese"
"7","48516","way too long"
"18","431","Al Pacino"
"18","431","gangster"
"18","431","mafia"
"18","1221","Al Pacino"
"18","1221","Mafia"
"18","5995","holocaust"
"18","5995","true story"
"18","44665","twist ending"
"18","52604","Anthony Hopkins"
"18","52604","courtroom drama"
"18","52604","twist ending"
"18","88094","britpop"
"18","88094","indie record label"
"18","88094","music"
"18","144210","dumpster diving"
"18","144210","Sustainability"
"21","1569","romantic comedy"
"21","1569","wedding"
"21","118985","painter"
"21","119141","bloody"
"49","109487","black hole"
"49","109487","sci-fi"
"49","109487","time-travel"
"62","2","fantasy"
"62","2","magic board game"
"62","2","Robin Williams"
"62","110","beautiful scenery"
"62","110","epic"
"62","110","historical"
"62","110","inspirational"
"62","110","Medieval"
"62","110","mel gibson"
"62","110","Oscar (Best Cinematography)"
"62","110","revenge"
"62","110","sword fight"
"62","410","black comedy"
"62","410","Christina Ricci"
"62","410","Christopher Lloyd"
"62","410","dark comedy"
"62","410","family"
"62","410","gothic"
"62","2023","Al Pacino"
"62","2023","Andy Garcia"
"62","2023","Classic"
"62","2023","Francis Ford Coppola"
"62","2023","mafia"
"62","2124","black comedy"
"62","2124","Christina Ricci"
"62","2124","Christopher Lloyd"
"62","2124","Family"
"62","2124","gothic"
"62","2124","quirky"
"62","2953","family"
"62","2953","funny"
"62","2953","Macaulay Culkin"
"62","2953","sequel"
"62","3114","animation"
"62","3114","Disney"
"62","3114","funny"
"62","3114","original"
"62","3114","Pixar"
"62","3114","sequel"
"62","3114","Tom Hanks"
"62","3578","ancient Rome"
"62","3578","Epic"
"62","3578","history"
"62","3578","imdb top 250"
"62","3578","revenge"
"62","3578","Rome"
"62","3578","Russell Crowe"
"62","4223","Ed Harris"
"62","4223","Jude Law"
"62","4223","Rachel Weisz"
"62","4223","sniper"
"62","4223","World War II"
"62","5388","Al Pacino"
"62","5388","atmospheric"
"62","5388","Hilary Swank"
"62","5388","Robin Williams"
"62","6058","sequel"
"62","6058","violent"
"62","6534","dogs"
"62","6534","Eric Bana"
"62","6534","mad scientist"
"62","6534","marvel"
"62","6541","captain nemo"
"62","6541","comic book"
"62","6541","gothic"
"62","6541","Peta Wilson"
"62","6541","Sean Connery"
"62","6541","superhero"
"62","6564","adventure"
"62","6564","Angelina Jolie"
"62","6564","heroine in tight suit"
"62","7153","Adventure"
"62","7153","ensemble cast"
"62","7153","fantasy"
"62","7153","fantasy world"
"62","7153","great soundtrack"
"62","7153","lord of the rings"
"62","7153","scenic"
"62","7153","stylized"
"62","7153","Tolkien"
"62","8641","hilarious"
"62","8641","Steve Carell"
"62","8641","Will Ferrell"
"62","27660","animation"
"62","27660","anime"
"62","27660","cyberpunk"
"62","27660","dark"
"62","27660","Matrix"
"62","27660","sci-fi"
"62","27706","dark comedy"
"62","27706","Jim Carrey"
"62","27706","meryl streep"
"62","27706","quirky"
"62","27706","stylized"
"62","27808","Adam Sandler"
"62","27808","family"
"62","27808","sweet"
"62","27831","British gangster"
"62","27831","confusing"
"62","27831","daniel craig"
"62","27831","Exquisite plotting."
"62","27831","organized crime"
"62","27831","stylish"
"62","27831","Tom Hardy"
"62","31658","anime"
"62","31658","fantasy world"
"62","31658","Hayao Miyazaki"
"62","31658","Studio Ghibli"
"62","33162","David Thewlis"
"62","33162","Eva Green"
"62","33162","Liam Neeson"
"62","33162","Orlando Bloom"
"62","34150","Chris Evans"
"62","34150","comic book"
"62","34150","heroine in tight suit"
"62","34150","Jessica Alba"
"62","34150","sexy female scientist"
"62","34150","superhero"
"62","37729","gothic"
"62","37729","helena bonham carter"
"62","37729","Johnny Depp"
"62","37729","Tim Burton"
"62","37729","visually appealing"
"62","38061","black comedy"
"62","38061","clever"
"62","38061","fast-paced dialogue"
"62","38061","good dialogue"
"62","38061","Robert Downey Jr."
"62","38061","witty"
"62","45447","adventure"
"62","45447","Audrey Tautou"
"62","45447","conspiracy theory"
"62","45447","Mystery"
"62","45447","Paris"
"62","45447","Tom Hanks"
"62","45447","treasure hunt"
"62","46723","Brad Pitt"
"62","46723","cate blanchett"
"62","46723","multiple storylines"
"62","46723","social commentary"
"62","46972","Ben Stiller"
"62","46972","Robin Williams"
"62","46976","emma thompson"
"62","46976","Maggie Gyllenhaal"
"62","46976","modern fantasy"
"62","46976","romance"
"62","46976","surreal"
"62","46976","Will Ferrell"
"62","49130","Marion Cotillard"
"62","49530","Africa"
"62","49530","corruption"
"62","49530","Jennifer Connelly"
"62","49530","justice"
"62","49530","Leonardo DiCaprio"
"62","53464","bad acting"
"62","53464","bad jokes"
"62","53464","bad plot"
"62","53464","Chris Evans"
"62","53464","Jessica Alba"
"62","53464","Marvel"
"62","53464","sexy female scientist"
"62","58047","Rachel Weisz"
"62","58047","Ryan Reynolds"
"62","59501","fantasy"
"62","59501","lion"
"62","59501","narnia"
"62","59501","Tilda Swinton"
"62","60074","bad script"
"62","60074","Charlize Theron"
"62","60074","Will Smith"
"62","60126","Anne Hathaway"
"62","60126","Steve Carell"
"62","60756","comedy"
"62","60756","funny"
"62","60756","will ferrell"
"62","61024","comedy"
"62","61024","James Franco"
"62","61024","Seth Rogen"
"62","61024","Stoner Movie"
"62","63992","audience intelligence underestimated"
"62","63992","boring"
"62","63992","chick flick"
"62","63992","overrated"
"62","63992","Teen movie"
"62","68848","Adrien Brody"
"62","68848","con artists"
"62","68848","funny"
"62","68848","interesting characters"
"62","68848","Mark Ruffalo"
"62","68848","Rachel Weisz"
"62","71535","Bill Murray"
"62","71535","dark comedy"
"62","71535","Emma Stone"
"62","71535","funny"
"62","71535","Jesse Eisenberg"
"62","71535","Woody Harrelson"
"62","87430","audience intelligence underestimated"
"62","87430","CGI"
"62","87430","cheesy"
"62","87430","comic book"
"62","87430","DC"
"62","87430","DC Comics"
"62","87430","Ryan Reynolds"
"62","87430","space"
"62","87430","superhero"
"62","88405","comedy"
"62","88405","funny"
"62","88405","happy ending"
"62","88405","HOT actress"
"62","88405","Justin Timberlake"
"62","88405","Mila Kunis"
"62","88405","New York City"
"62","88405","romance"
"62","88405","sex"
"62","96861","Istanbul"
"62","96861","Liam Neeson"
"62","96861","predictable"
"62","96861","Turkey"
"62","96861","unnecessary sequel"
"62","99114","action"
"62","99114","Christoph Waltz"
"62","99114","funny"
"62","99114","good soundtrack"
"62","99114","Great performances"
"62","99114","Humour"
"62","99114","Leonardo DiCaprio"
"62","99114","Quentin Tarantino"
"62","99114","Samuel L. Jackson"
"62","99114","Soundtrack"
"62","99114","western"
"62","103042","Amy Adams"
"62","103042","superhero"
"62","104863","daniel radcliffe"
"62","104863","zoe kazan"
"62","107348","comedy"
"62","107348","Steve Carell"
"62","107348","stupid but funny"
"62","107348","will ferrell"
"62","108190","anti-intellectual"
"62","108190","bad writing"
"62","108190","dystopia"
"62","108190","new society"
"62","108190","plot holes"
"62","108190","predictable"
"62","108190","scifi"
"62","108190","unintelligent"
"62","111743","Charlize Theron"
"62","111743","Liam Neeson"
"62","111743","Seth MacFarlane"
"62","111743","witty"
"62","114180","action"
"62","114180","dystopia"
"62","114180","plot holes"
"62","114180","post-apocalyptic"
"62","114180","survival"
"62","114180","thriller"
"62","114180","unexplained"
"62","114180","weak plot"
"62","115149","dark hero"
"62","115149","gun-fu"
"62","115149","Keanu Reeves"
"62","115149","Revenge"
"62","115149","secret society"
"62","115149","stylish"
"62","116897","black comedy"
"62","116897","dark comedy"
"62","116897","dark humor"
"62","116897","ironic"
"62","116897","multiple short stories"
"62","116897","short stories"
"62","119141","bromance"
"62","119141","comedy"
"62","119141","funny"
"62","119141","James Franco"
"62","119141","Seth Rogen"
"62","122912","comic book"
"62","122912","Dr. Strange"
"62","122912","Great villain"
"62","122912","Guardians of the Galaxy"
"62","122912","Marvel"
"62","122912","MCU"
"62","122912","Robert Downey Jr."
"62","122912","Thanos"
"62","122912","Thor"
"62","122912","Visually stunning"
"62","128360","characters"
"62","128360","Dialogue"
"62","128360","humor"
"62","128360","Kurt Russell"
"62","128360","Quentin Tarantino"
"62","128360","Samuel L. Jackson"
"62","128360","tension building"
"62","128360","violent"
"62","128360","Western"
"62","135133","dystopia"
"62","135133","Jennifer Lawrence"
"62","135133","love story"
"62","135133","nonsense"
"62","135133","politics"
"62","135133","rebellion"
"62","135133","revolution"
"62","135518","Ben Kingsley"
"62","135518","ethics"
"62","135518","immortality"
"62","135518","ryan reynolds"
"62","135536","Bad story"
"62","135536","Bad writing"
"62","135536","Batman"
"62","135536","Ben Affleck"
"62","135536","comic book"
"62","135536","dc comics"
"62","135536","good soundtrack"
"62","135536","Harley Quinn"
"62","135536","Harley Quinn's ass"
"62","135536","Horrible directing"
"62","135536","Jared Leto"
"62","135536","Joker"
"62","135536","lack of plot"
"62","135536","Margot Robbie"
"62","135536","Poor story"
"62","135536","poorly paced"
"62","135536","superhero"
"62","135536","visually appealing"
"62","135536","Will Smith"
"62","136864","action"
"62","136864","batman"
"62","136864","ben affleck"
"62","136864","dark"
"62","136864","dc comics"
"62","136864","Gal Gadot"
"62","136864","superhero"
"62","136864","superman"
"62","136864","wonderwoman"
"62","139385","leonardo DiCarpio"
"62","139385","survival"
"62","139385","tom hardy"
"62","139385","visually appealing"
"62","158966","building a family"
"62","158966","creative"
"62","158966","freedom"
"62","158966","good writing"
"62","158966","individualism"
"62","158966","Viggo Mortensen"
"62","168248","action"
"62","168248","dark hero"
"62","168248","gun tactics"
"62","168248","hitman"
"62","168248","Keanu Reeves"
"62","168248","organized crime"
"62","168248","secret society"
"62","174053","Dystopia"
"62","174053","future"
"62","174053","interesting"
"62","174053","jon hamm"
"62","174053","thought provoking"
"62","179401","Action"
"62","179401","Comedy"
"62","179401","Dwayne Johnson"
"62","179401","funny"
"62","183611","Comedy"
"62","183611","funny"
"62","183611","Rachel McAdams"
"62","184471","adventure"
"62","184471","Alicia Vikander"
"62","184471","video game adaptation"
"62","187593","Josh Brolin"
"62","187593","Ryan Reynolds"
"62","187593","sarcasm"
"62","187595","Emilia Clarke"
"62","187595","star wars"
"63","260","classic"
"63","260","space action"
"76","260","action"
"76","260","sci-fi"
"103","260","EPIC"
"103","260","great soundtrack"
"103","296","good dialogue"
"103","296","great soundtrack"
"103","296","non-linear"
"106","4896","Everything you want is here"
"106","106489","adventure"
"112","260","classic sci-fi"
"112","260","engrossing adventure"
"112","260","EPIC"
"119","260","classic"
"119","260","Nerd"
"119","101142","animation"
"119","101142","funny"
"119","101142","stone age"
"119","115149","action"
"119","115149","killer"
"119","115149","widows/widowers"
"119","115617","animation"
"119","115617","kids"
"119","115617","robots"
"119","120635","action"
"119","120635","murder"
"119","120635","police"
"125","1726","Kevin Costner"
"125","1726","Post apocalyptic"
"125","2387","dark comedy"
"125","2387","dark humor"
"125","3052","irreverent"
"125","3052","jay and silent bob"
"125","3052","Kevin Smith"
"125","3052","satire"
"125","5088","irreverent"
"125","7022","based on a book"
"125","7022","bloody"
"125","7022","brutal"
"125","7022","controversial"
"125","7022","dystopia"
"125","7022","goretastic"
"125","7022","satire"
"125","7022","social commentary"
"125","7022","survival"
"125","7022","violence"
"125","7254","alternate reality"
"125","7254","sci-fi"
"125","7254","science fiction"
"125","7254","time travel"
"125","8957","brutal"
"125","8957","clever"
"125","8957","Disturbing"
"125","8957","great ending"
"125","8957","mindfuck"
"125","8957","surprise ending"
"125","8957","suspense"
"125","9010","cruel characters"
"125","42632","brutality"
"125","58301","dark humor"
"125","60950","threesome"
"125","62434","Seth Rogen"
"125","62434","Sexual Humor"
"125","67695","Seth Rogen"
"125","100083","embarassing scenes"
"125","100083","offensive"
"125","100083","R language"
"125","100083","sarcasm"
"125","100083","satire"
"125","156371","80's"
"125","158872","Crude humor"
"125","158872","mindfuck"
"125","158872","sarcasm"
"125","158872","satire"
"125","158872","Vulgar"
"132","3556","sofia coppola"
"132","6323","John Cusack"
"132","6367","Ewan McGregor"
"132","6367","Renee Zellweger"
"138","59103","jackie chan"
"138","59103","kung fu"
"161","52287","Something for everyone in this one... saw it without and plan on seeing it with kids!"
"166","293","assassin"
"166","293","Jean Reno"
"166","54286","assassin"
"166","54286","assassin-in-training (scene)"
"166","54286","espionage"
"166","54286","Robert Ludlum"
"167","104","test tag"
"177","115617","feel-good"
"177","115617","fun family movie"
"177","115617","very funny"
"184","2579","black and white"
"184","2579","Christopher Nolan"
"184","2579","directorial debut"
"184","2579","mindfuck"
"184","2579","not linear"
"184","2579","Twist Ending"
"184","3793","action"
"184","3793","comic book"
"184","3793","hugh jackman"
"184","3793","marvel"
"184","3793","superhero"
"184","4226","dark"
"184","4226","Mindfuck"
"184","4226","nonlinear"
"184","4226","psychology"
"184","4226","twist ending"
"184","4896","alan rickman"
"184","4896","harry potter"
"184","4896","humorous"
"184","4896","Magic"
"184","5388","atmospheric"
"184","5388","insomnia"
"184","5388","thought-provoking"
"184","6283","amazing artwork"
"184","6283","anime"
"184","6283","sci-fi"
"184","27156","anime"
"184","27156","end of the world"
"184","27156","epic"
"184","27156","mecha"
"184","27156","psychology"
"184","193565","anime"
"184","193565","comedy"
"184","193565","gintama"
"184","193565","remaster"
"193","260","classic sci-fi"
"193","260","space action"
"193","260","space epic"
"193","4878","atmospheric"
"193","4878","cult film"
"193","4878","dreamlike"
"193","4878","hallucinatory"
"193","4878","psychological"
"193","4878","surreal"
"193","4878","time travel"
"193","7147","dreamlike"
"193","7147","sentimental"
"193","7147","surreal"
"193","7147","Tim Burton"
"193","7361","alternate reality"
"193","7361","memory"
"193","7361","thought-provoking"
"193","97938","cinematography"
"193","97938","India"
"193","97938","surreal"
"205","260","oldie but goodie"
"205","260","sci-fi"
"205","260","Star Wars"
"226","6938","big wave"
"226","6938","surfing"
"226","48780","ummarti2006"
"256","126548","funny"
"256","126548","high school"
"274","68319","comic book"
"288","7020","Notable Nudity"
"289","3","moldy"
"289","3","old"
"289","527","moving"
"289","1101","predictable"
"291","50872","a clever chef rat"
"291","50872","inspirational"
"291","102007","animation"
"291","118696","hope"
"300","6711","atmospheric"
"305","4034","drugs"
"305","4995","mathematics"
"305","6502","zombies"
"305","6953","DEPRESSING"
"305","8641","stupid"
"305","34405","predictable"
"305","55721","Favelas"
"305","83134","black comedy"
"318","778","based on a book"
"318","778","dark comedy"
"318","778","narrated"
"318","4612","reciprocal spectator"
"318","4708","reciprocal spectator"
"318","6400","documentary"
"318","30892","Animation"
"318","30892","Documentary"
"318","30892","Henry Darger"
"318","48698","the catholic church is the most corrupt organization in history"
"318","64034","childish naivity"
"318","64034","friendship"
"318","68954","adventure"
"318","68954","Bechdel Test:Fail"
"318","68954","cartoon"
"318","68954","children"
"318","68954","computer animation"
"318","68954","divorce"
"318","68954","dogs"
"318","68954","dreams"
"318","68954","Pixar"
"318","71494","Narrative pisstake"
"318","81158","american idolatry"
"318","82459","atmospheric"
"318","82459","Coen Brothers"
"318","82459","Jeff Bridges"
"318","82459","Matt Damon"
"318","82459","predictable"
"318","90769","celebrity fetishism"
"318","90769","mediacentralism"
"318","90769","system holism"
"318","96084","city politics"
"318","96084","italy"
"318","96084","political right versus left"
"318","111364","Creature Feature"
"318","118784","documentary"
"318","118784","music industry"
"318","118784","remix culture"
"318","127172","film history"
"318","127172","poetic"
"318","127172","representation of children"
"319","364","Disney"
"319","364","Disney animated feature"
"319","364","Oscar (Best Music - Original Score)"
"327","1288","music"
"327","1923","Ben Stiller"
"327","2616","comic book"
"327","3481","music"
"327","3897","music"
"327","8641","awesome"
"327","51255","british comedy"
"336","1","pixar"
"336","153","superhero"
"336","552","knights"
"336","1246","highschool"
"336","32587","cult"
"336","33660","boksdrama"
"336","34162","stiller"
"336","36529","wapendrama"
"336","37729","animation"
"336","38798","sisters"
"341","260","ROBOTS AND ANDROIDS"
"341","260","space"
"356","2146","post-college"
"356","37384","restaurant"
"356","40955","transvestite"
"356","44889","satire"
"356","61323","dark comedy"
"357","39","chick flick"
"357","39","funny"
"357","39","Paul Rudd"
"357","39","quotable"
"357","39","seen more than once"
"357","1059","Amazing Cinematography"
"357","1059","Leonardo DiCaprio"
"357","1059","shakespeare"
"357","1059","updated classics"
"357","2762","Atmospheric"
"357","2762","Bruce Willis"
"357","2762","ghosts"
"357","2762","imdb top 250"
"357","2762","mindfuck"
"357","2762","stylized"
"357","2762","twist ending"
"357","4370","android(s)/cyborg(s)"
"357","4370","artificial intelligence"
"357","4370","Bittersweet"
"357","4370","Steven Spielberg"
"357","5464","cinematography"
"357","5464","Tom Hanks"
"357","7078","Bette Davis"
"357","7078","Oscar (Best Actress)"
"357","7444","Mark Ruffalo"
"357","7451","clever"
"357","7451","High School"
"357","7451","lesbian subtext"
"357","48516","Leonardo DiCaprio"
"357","48516","suspense"
"357","48516","twist ending"
"357","48516","undercover cop"
"357","54997","Christian Bale"
"357","55290","Casey Affleck"
"357","55290","great performances"
"357","55290","twist"
"357","91500","ending"
"357","91529","Anne Hathaway"
"357","91529","Christian Bale"
"357","91529","Christopher Nolan"
"357","91529","comic book"
"357","91529","great ending"
"357","91529","Morgan Freeman"
"357","91529","political commentary"
"357","91529","superhero"
"419","98961","Afghanistan"
"419","98961","American propaganda"
"419","98961","assassination"
"419","98961","military"
"419","98961","terrorism"
"424","32","time travel"
"424","47","mystery"
"424","47","twist ending"
"424","50","mindfuck"
"424","50","suspense"
"424","50","thriller"
"424","50","tricky"
"424","50","twist ending"
"424","147","addiction"
"424","147","heroin"
"424","147","Leonardo DiCaprio"
"424","147","Mark Wahlberg"
"424","175","controversial"
"424","175","New York City"
"424","175","Nudity (Full Frontal)"
"424","223","cynical"
"424","223","hilarious"
"424","223","independent film"
"424","223","quirky"
"424","223","witty"
"424","260","classic sci-fi"
"424","260","sci-fi"
"424","260","space adventure"
"424","260","Star Wars"
"424","288","brutality"
"424","288","controversial"
"424","288","dark comedy"
"424","288","psychedelic"
"424","288","satire"
"424","288","stylized"
"424","296","cult film"
"424","296","drugs"
"424","296","Quentin Tarantino"
"424","296","Tarantino"
"424","364","soundtrack"
"424","527","thought-provoking"
"424","541","sci-fi"
"424","589","apocalypse"
"424","589","Arnold Schwarzenegger"
"424","589","nuclear war"
"424","589","sci-fi"
"424","589","Suspense"
"424","589","time travel"
"424","608","based on a true story"
"424","608","dark comedy"
"424","608","KIDNAPPING"
"424","608","Steve Buscemi"
"424","628","edward norton"
"424","628","psychology"
"424","628","suspense"
"424","628","thought-provoking"
"424","628","twist ending"
"424","1089","ensemble cast"
"424","1089","nonlinear"
"424","1089","Quentin Tarantino"
"424","1089","stylized"
"424","1120","freedom of expression"
"424","1136","british comedy"
"424","1136","Monty Python"
"424","1193","emotional"
"424","1193","jack nicholson"
"424","1198","adventure"
"424","1198","archaeology"
"424","1198","indiana jones"
"424","1198","Steven Spielberg"
"424","1198","treasure hunt"
"424","1200","action"
"424","1200","aliens"
"424","1200","horror"
"424","1200","sci-fi"
"424","1200","space"
"424","1200","space craft"
"424","1200","SPACE TRAVEL"
"424","1200","suspense"
"424","1219","Alfred Hitchcock"
"424","1219","psychology"
"424","1219","suspenseful"
"424","1219","tense"
"424","1240","Action"
"424","1240","artificial intelligence"
"424","1240","robots"
"424","1240","Sci-Fi"
"424","1240","special effects"
"424","1240","tense"
"424","1240","time travel"
"424","1258","atmospheric"
"424","1258","disturbing"
"424","1258","Horror"
"424","1258","jack nicholson"
"424","1258","masterpiece"
"424","1258","psychological"
"424","1258","Stanley Kubrick"
"424","1258","suspense"
"424","1343","horror"
"424","1343","Juliette Lewis"
"424","1343","Martin Scorsese"
"424","1343","Robert De Niro"
"424","1625","mindfuck"
"424","1625","Mystery"
"424","1625","plot twist"
"424","1625","psychological"
"424","1625","suspense"
"424","1625","twist ending"
"424","1704","inspirational"
"424","1921","hallucinatory"
"424","1921","mental illness"
"424","1921","mindfuck"
"424","1921","paranoid"
"424","1923","Ben Stiller"
"424","1923","crude humor"
"424","1923","goofy"
"424","2160","Atmospheric"
"424","2160","creepy"
"424","2160","paranoia"
"424","2160","scary"
"424","2160","suspense"
"424","2296","SNL"
"424","2329","thought-provoking"
"424","2505","Nicolas Cage"
"424","2571","martial arts"
"424","2571","sci-fi"
"424","2700","adult humor"
"424","2700","controversial"
"424","2700","crude humor"
"424","2700","free speech"
"424","2700","parody"
"424","2700","satire"
"424","2700","south park"
"424","2700","Trey Parker"
"424","2959","dark comedy"
"424","2959","psychology"
"424","2959","thought-provoking"
"424","2959","twist ending"
"424","3176","based on a book"
"424","3176","creepy"
"424","3176","disturbing"
"424","3176","Jude Law"
"424","3176","murder"
"424","3176","obsession"
"424","3176","psychology"
"424","3176","secrets"
"424","3176","serial killer"
"424","3176","suspense"
"424","3186","asylum"
"424","3186","based on a true story"
"424","3186","Brittany Murphy"
"424","3186","Mental Hospital"
"424","3186","psychology"
"424","3186","winona ryder"
"424","3499","claustrophobic"
"424","3499","horror"
"424","3499","scary"
"424","3499","stephen king"
"424","3499","suspenseful"
"424","3499","tense"
"424","3499","thriller"
"424","3527","aliens"
"424","3527","sci-fi"
"424","3527","scifi cult"
"424","3911","satire"
"424","3948","comedy"
"424","3948","Robert De Niro"
"424","4226","mystery"
"424","4226","psychological"
"424","4226","twist ending"
"424","4262","Al Pacino"
"424","4816","ben stiller"
"424","4816","comedy"
"424","4816","David Bowie"
"424","4816","goofy"
"424","4816","mindless one liners"
"424","4816","Will Ferrell"
"424","4878","jake gyllenhaal"
"424","4993","fantasy"
"424","4993","high fantasy"
"424","4993","Magic"
"424","4993","mythology"
"424","4993","tolkien"
"424","4993","wizards"
"424","5291","black and white"
"424","5291","samurai"
"424","6016","multiple storylines"
"424","6016","true story"
"424","6188","comedy"
"424","6188","Will Ferrell"
"424","6290","Rob Zombie"
"424","7361","jim carrey"
"424","8641","comedy"
"424","8641","Will Ferrell"
"424","8950","Christian Bale"
"424","8950","creepy"
"424","8950","powerful ending"
"424","8950","psychology"
"424","8950","schizophrenia"
"424","8950","twist ending"
"424","27020","drugs"
"424","27020","lesbian"
"424","30825","Ben Stiller"
"424","30825","Robert De Niro"
"424","34323","Rob Zombie"
"424","40278","Jake Gyllenhaal"
"424","40278","Modern war"
"424","48516","atmospheric"
"424","48516","Jack Nicholson"
"424","48516","Leonardo DiCaprio"
"424","48516","Martin Scorsese"
"424","48516","suspense"
"424","53127","based on a play"
"424","53127","conspiracy theory"
"424","53127","creepy"
"424","53127","Insanity"
"424","53127","paranoia"
"424","53127","PTSD"
"424","60756","funny"
"424","60756","will ferrell"
"424","66097","claymation"
"424","66097","creepy"
"424","66097","dark"
"424","66097","dark fairy tale"
"424","66097","Surreal"
"424","66097","Tim Burton"
"424","68157","black comedy"
"424","68157","Brad Pitt"
"424","68157","Christoph Waltz"
"424","68157","Quentin Tarantino"
"424","68157","satire"
"424","74458","insanity"
"424","74458","Leonardo DiCaprio"
"424","74458","Martin Scorsese"
"424","74458","plot twist"
"424","74458","psychological"
"424","74458","Psychological Thriller"
"424","74458","thought-provoking"
"424","79132","action"
"424","79132","alternate reality"
"424","79132","Leonardo DiCaprio"
"424","79132","sci-fi"
"424","79132","thought-provoking"
"424","79132","visually appealing"
"424","81562","stranded"
"424","81591","alter ego"
"424","81591","atmospheric"
"424","81591","creepy"
"424","81591","horror"
"424","81591","obsession"
"424","81591","surreal"
"424","102903","illusions"
"424","102903","overcomplicated"
"424","102903","predictable"
"424","102903","stupid ending"
"424","104879","absorbing"
"424","104879","acting"
"424","104879","atmospheric"
"424","104879","Hugh Jackman"
"424","104879","Jake Gyllenhaal"
"424","104879","morality"
"424","104879","mystery"
"424","104879","thriller"
"424","106100","Jared Leto"
"424","106100","social commentary"
"424","106100","uplifting"
"424","106489","fantasy"
"424","106489","Tolkien"
"424","106489","too long"
"424","109487","Christopher Nolan"
"424","109487","sci-fi"
"424","109487","time-travel"
"424","112515","atmospheric"
"424","112515","dark"
"424","112515","Metaphorical"
"424","112515","psychological"
"424","112556","annoying"
"424","112556","Stupid ending"
"435","750","dark comedy"
"435","2959","dark comedy"
"435","58559","psychology"
"435","58559","superhero"
"439","5952","Myth"
"439","98809","Action"
"439","98809","Myth"
"462","152711","Cambodia"
"462","152711","crime"
"462","152711","human rights"
"462","152711","murder"
"462","152711","procedural"
"474","1","pixar"
"474","2","game"
"474","5","pregnancy"
"474","5","remake"
"474","7","remake"
"474","11","politics"
"474","11","president"
"474","14","politics"
"474","14","president"
"474","16","Mafia"
"474","17","Jane Austen"
"474","21","Hollywood"
"474","22","serial killer"
"474","25","alcoholism"
"474","26","Shakespeare"
"474","28","In Netflix queue"
"474","28","Jane Austen"
"474","29","kidnapping"
"474","31","high school"
"474","31","teacher"
"474","32","time travel"
"474","34","Animal movie"
"474","34","pigs"
"474","36","death penalty"
"474","36","Nun"
"474","38","twins"
"474","39","Emma"
"474","39","Jane Austen"
"474","40","In Netflix queue"
"474","40","South Africa"
"474","41","Shakespeare"
"474","43","England"
"474","45","Journalism"
"474","46","wedding"
"474","47","serial killer"
"474","50","heist"
"474","52","adoption"
"474","52","prostitution"
"474","58","writing"
"474","62","music"
"474","92","Jekyll and Hyde"
"474","96","theater"
"474","101","crime"
"474","104","golf"
"474","107","muppets"
"474","110","Scotland"
"474","111","assassination"
"474","116","Holocaust"
"474","122","dating"
"474","140","journalism"
"474","150","moon"
"474","150","NASA"
"474","150","space"
"474","153","superhero"
"474","160","Michael Crichton"
"474","161","submarine"
"474","162","In Netflix queue"
"474","185","computers"
"474","199","Made me cry"
"474","215","generation X"
"474","216","school"
"474","222","Ireland"
"474","223","generation X"
"474","224","mental illness"
"474","224","psychology"
"474","230","Stephen King"
"474","232","In Netflix queue"
"474","235","movie business"
"474","237","basketball"
"474","237","France"
"474","237","infertility"
"474","246","basketball"
"474","247","Australia"
"474","249","Beethoven"
"474","252","Einstein"
"474","257","court"
"474","260","darth vader"
"474","260","luke skywalker"
"474","260","space opera"
"474","261","Louisa May Alcott"
"474","262","England"
"474","262","Girl Power"
"474","262","India"
"474","272","England"
"474","272","mental illness"
"474","277","Christmas"
"474","279","In Netflix queue"
"474","280","prison"
"474","282","disability"
"474","282","twins"
"474","290","In Netflix queue"
"474","293","hit men"
"474","296","hit men"
"474","300","TV"
"474","307","Death"
"474","308","marriage"
"474","316","time travel"
"474","317","Christmas"
"474","318","prison"
"474","318","Stephen King"
"474","318","wrongful imprisonment"
"474","326","In Netflix queue"
"474","329","Enterprise"
"474","337","mental illness"
"474","338","serial killer"
"474","339","coma"
"474","342","Australia"
"474","342","weddings"
"474","345","cross dressing"
"474","345","men in drag"
"474","345","remade"
"474","349","Tom Clancy"
"474","350","John Grisham"
"474","351","interracial romance"
"474","356","shrimp"
"474","356","Vietnam"
"474","357","wedding"
"474","361","gambling"
"474","363","Holocaust"
"474","363","In Netflix queue"
"474","364","Disney"
"474","371","journalism"
"474","377","bus"
"474","380","spies"
"474","381","alcoholism"
"474","412","Edith Wharton"
"474","421","horses"
"474","425","mental illness"
"474","425","Oscar (Best Actress)"
"474","440","President"
"474","454","John Grisham"
"474","457","based on a TV show"
"474","471","hula hoop"
"474","474","assassination"
"474","475","Ireland"
"474","477","biopic"
"474","480","Dinosaur"
"474","488","Japan"
"474","488","sexuality"
"474","497","Shakespeare"
"474","500","cross dressing"
"474","500","divorce"
"474","500","men in drag"
"474","508","AIDs"
"474","513","radio"
"474","513","show business"
"474","515","Butler"
"474","515","Housekeeper"
"474","516","military"
"474","522","Australia"
"474","522","racism"
"474","522","violence"
"474","524","football"
"474","527","Holocaust"
"474","529","chess"
"474","531","In Netflix queue"
"474","534","C.S. Lewis"
"474","535","large cast"
"474","538","race"
"474","539","Empire State Building"
"474","541","robots"
"474","543","beat poetry"
"474","551","Christmas"
"474","551","Halloween"
"474","556","politics"
"474","562","adolescence"
"474","586","christmas"
"474","587","overrated"
"474","588","Disney"
"474","589","robots"
"474","590","American Indians"
"474","590","Native Americans"
"474","592","superhero"
"474","593","Hannibal Lector"
"474","594","Disney"
"474","595","Disney"
"474","596","Disney"
"474","597","prostitution"
"474","608","Coen Brothers"
"474","616","Disney"
"474","628","priest"
"474","638","babies"
"474","647","Gulf War"
"474","648","based on a TV show"
"474","668","India"
"474","670","India"
"474","671","spoof"
"474","673","Bugs Bunny"
"474","708","Veterinarian"
"474","720","Aardman"
"474","728","In Netflix queue"
"474","733","Alcatraz"
"474","736","Disaster"
"474","745","Aardman"
"474","748","aliens"
"474","750","Atomic bomb"
"474","778","drug abuse"
"474","780","aliens"
"474","800","In Netflix queue"
"474","805","John Grisham"
"474","818","based on a TV show"
"474","830","adultery"
"474","832","kidnapping"
"474","838","Jane Austen"
"474","852","golf"
"474","858","Mafia"
"474","892","Shakespeare"
"474","898","divorce"
"474","899","movie business"
"474","900","France"
"474","902","Capote"
"474","903","falling"
"474","904","voyeurism"
"474","905","Screwball"
"474","906","Brooch"
"474","907","divorce"
"474","908","Mount Rushmore"
"474","909","adultery"
"474","910","men in drag"
"474","911","heist"
"474","912","start of a beautiful friendship"
"474","913","statue"
"474","914","George Bernard Shaw"
"474","915","rich guy - poor girl"
"474","916","Italy"
"474","916","royalty"
"474","918","1900s"
"474","919","Dorothy"
"474","919","Toto"
"474","920","Civil War"
"474","921","television"
"474","922","movies"
"474","923","Rosebud"
"474","924","Hal"
"474","924","space"
"474","926","Hollywood"
"474","927","divorce"
"474","928","Mrs. DeWinter"
"474","929","Europe"
"474","929","journalism"
"474","929","war"
"474","930","assassination"
"474","931","amnesia"
"474","934","wedding"
"474","936","Cold War"
"474","936","Russia"
"474","938","prostitution"
"474","940","swashbuckler"
"474","941","swashbuckler"
"474","943","ghosts"
"474","944","Shangri-La"
"474","945","Astaire and Rogers"
"474","947","butler"
"474","947","homeless"
"474","947","screwball"
"474","948","oil"
"474","950","Nick and Nora Charles"
"474","951","Screwball"
"474","952","race"
"474","953","Christmas"
"474","954","Politics"
"474","955","leopard"
"474","955","screwball"
"474","956","adoption"
"474","965","fugitive"
"474","968","zombies"
"474","969","missionary"
"474","970","crime"
"474","971","Tennessee Williams"
"474","973","journalism"
"474","976","Hemingway"
"474","986","Animal movie"
"474","991","Ireland"
"474","994","food"
"474","1006","death penalty"
"474","1006","John Grisham"
"474","1010","Disney"
"474","1010","race"
"474","1013","twins"
"474","1022","Disney"
"474","1025","Disney"
"474","1025","King Arthur"
"474","1028","Disney"
"474","1028","nanny"
"474","1029","Disney"
"474","1030","Disney"
"474","1032","Disney"
"474","1033","Disney"
"474","1035","Rogers and Hammerstein"
"474","1041","In Netflix queue"
"474","1042","Music"
"474","1059","Shakespeare"
"474","1066","Astaire and Rogers"
"474","1068","anti-Semitism"
"474","1076","governess"
"474","1079","fish"
"474","1080","Bible"
"474","1080","parody"
"474","1080","religion"
"474","1081","cross dressing"
"474","1082","politics"
"474","1084","1920s"
"474","1084","gangsters"
"474","1088","dance"
"474","1088","music"
"474","1089","heist"
"474","1089","violence"
"474","1090","Vietnam"
"474","1093","1960s"
"474","1093","Jim Morrison"
"474","1093","music"
"474","1096","Holocaust"
"474","1097","aliens"
"474","1101","Navy"
"474","1103","1950s"
"474","1103","adolescence"
"474","1104","Tennessee Williams"
"474","1124","aging"
"474","1125","Clousseau"
"474","1135","military"
"474","1136","England"
"474","1136","King Arthur"
"474","1147","boxing"
"474","1147","In Netflix queue"
"474","1148","Aardman"
"474","1171","politics"
"474","1177","Italy"
"474","1178","court"
"474","1178","military"
"474","1179","crime"
"474","1183","adultery"
"474","1185","In Netflix queue"
"474","1187","disability"
"474","1188","Australia"
"474","1188","dance"
"474","1189","In Netflix queue"
"474","1189","police"
"474","1193","mental illness"
"474","1196","I am your father"
"474","1196","space"
"474","1196","space opera"
"474","1197","Inigo Montoya"
"474","1197","six-fingered man"
"474","1198","archaeology"
"474","1198","ark of the covenant"
"474","1198","indiana jones"
"474","1200","space"
"474","1201","spaghetti western"
"474","1203","court"
"474","1204","Middle East"
"474","1206","brainwashing"
"474","1207","Harper Lee"
"474","1207","racism"
"474","1208","Vietnam"
"474","1209","spaghetti western"
"474","1210","darth vader"
"474","1210","luke skywalker"
"474","1210","space opera"
"474","1212","ferris wheel"
"474","1212","Venice"
"474","1212","zither"
"474","1213","Mafia"
"474","1214","aliens"
"474","1217","samurai"
"474","1219","Norman Bates"
"474","1220","Saturday Night Live"
"474","1221","Mafia"
"474","1222","Vietnam"
"474","1223","moon"
"474","1224","Shakespeare"
"474","1225","Mozart"
"474","1225","Salieri"
"474","1228","boxing"
"474","1230","New York"
"474","1231","NASA"
"474","1231","space"
"474","1233","submarine"
"474","1234","The Entertainer"
"474","1235","May-December romance"
"474","1237","chess"
"474","1237","death"
"474","1240","robots"
"474","1242","Civil War"
"474","1243","Shakespeare sort of"
"474","1244","black and white"
"474","1245","Mafia"
"474","1246","High School"
"474","1247","Simon and Garfunkel"
"474","1249","hit men"
"474","1250","POW"
"474","1252","incest"
"474","1253","aliens"
"474","1254","Cold"
"474","1257","skiing"
"474","1258","Stephen King"
"474","1259","Stephen King"
"474","1260","serial killer"
"474","1262","POW"
"474","1263","Vietnam"
"474","1266","revenge"
"474","1267","assassination"
"474","1267","brainwashing"
"474","1269","murder"
"474","1270","time travel"
"474","1272","World War II"
"474","1276","prison"
"474","1277","In Netflix queue"
"474","1278","spoof"
"474","1280","In Netflix queue"
"474","1281","Nazis"
"474","1282","Disney"
"474","1283","gunfight"
"474","1284","Hammett"
"474","1285","high school"
"474","1288","heavy metal"
"474","1288","mockumentary"
"474","1288","music"
"474","1291","archaeology"
"474","1291","Holy Grail"
"474","1292","television"
"474","1293","India"
"474","1296","E. M. Forster"
"474","1299","Cambodia"
"474","1299","Vietnam"
"474","1301","Shakespeare sort of"
"474","1301","space"
"474","1302","baseball"
"474","1303","India"
"474","1304","crime"
"474","1307","New York"
"474","1333","birds"
"474","1343","remake"
"474","1344","lawyer"
"474","1345","high school"
"474","1345","prom"
"474","1345","Stephen King"
"474","1348","vampires"
"474","1350","demons"
"474","1353","personals ads"
"474","1354","religion"
"474","1356","Borg"
"474","1358","ex-con"
"474","1361","In Netflix queue"
"474","1363","religion"
"474","1366","Arthur Miller"
"474","1367","dogs"
"474","1367","remake"
"474","1372","Klingons"
"474","1374","Captain Kirk"
"474","1376","whales"
"474","1377","superhero"
"474","1380","high school"
"474","1381","high school"
"474","1387","Shark"
"474","1389","shark"
"474","1393","sports"
"474","1394","Coen Brothers"
"474","1396","spying"
"474","1398","Hemingway"
"474","1407","slasher"
"474","1407","spoof"
"474","1408","Hawkeye"
"474","1408","James Fennimore Cooper"
"474","1411","Shakespeare"
"474","1413","Conan"
"474","1416","Andrew Lloyd Weber"
"474","1423","In Netflix queue"
"474","1423","Vietnam"
"474","1441","mental illness"
"474","1446","In Netflix queue"
"474","1449","mockumentary"
"474","1466","Mafia"
"474","1474","jungle"
"474","1485","lawyer"
"474","1496","Tolstoy"
"474","1500","hit men"
"474","1500","reunion"
"474","1513","reunion"
"474","1537","ballroom dance"
"474","1542","In Netflix queue"
"474","1544","dinosaurs"
"474","1545","death"
"474","1569","weddings"
"474","1573","transplants"
"474","1580","aliens"
"474","1586","military"
"474","1608","president"
"474","1610","Tom Clancy"
"474","1617","Police"
"474","1625","twist ending"
"474","1635","1970s"
"474","1643","England"
"474","1643","Queen Victoria"
"474","1645","lawyers"
"474","1650","Henry James"
"474","1653","future"
"474","1663","military"
"474","1672","In Netflix queue"
"474","1674","Amish"
"474","1680","alternate universe"
"474","1682","TV"
"474","1683","Henry James"
"474","1711","Savannah"
"474","1717","sequel"
"474","1717","slasher"
"474","1717","spoof"
"474","1719","Canada"
"474","1719","death"
"474","1721","shipwreck"
"474","1732","Coen Brothers"
"474","1735","Charles Dickens"
"474","1748","amnesia"
"474","1777","1980s"
"474","1797","In Netflix queue"
"474","1810","politics"
"474","1834","twist ending"
"474","1836","No DVD at Netflix"
"474","1893","In Netflix queue"
"474","1900","In Netflix queue"
"474","1902","generation X"
"474","1909","conspiracy"
"474","1912","heist"
"474","1913","Australia"
"474","1917","space"
"474","1921","mathematics"
"474","1931","ships"
"474","1938","alcoholism"
"474","1940","anti-Semitism"
"474","1940","Judaism"
"474","1942","Huey Long"
"474","1942","In Netflix queue"
"474","1942","Robert Penn Warren"
"474","1945","boxing"
"474","1945","coulda been a contender"
"474","1947","Gangs"
"474","1950","racism"
"474","1951","Dickens"
"474","1952","prostitution"
"474","1953","drugs"
"474","1953","police"
"474","1954","boxing"
"474","1954","sports"
"474","1955","divorce"
"474","1957","Olympics"
"474","1957","sports"
"474","1959","adultery"
"474","1959","Africa"
"474","1960","China"
"474","1961","autism"
"474","1962","rasicm"
"474","1975","Jason"
"474","1976","Jason"
"474","1977","Jason"
"474","1978","Jason"
"474","1979","Jason"
"474","1983","halloween"
"474","1984","halloween"
"474","1994","ghosts"
"474","1995","ghosts"
"474","1996","ghosts"
"474","1997","demons"
"474","2006","California"
"474","2006","Mexico"
"474","2011","time travel"
"474","2019","samurai"
"474","2020","adultery"
"474","2022","Bible"
"474","2022","Katzanzakis"
"474","2028","World War II"
"474","2054","Disney"
"474","2058","police"
"474","2059","twins"
"474","2064","General Motors"
"474","2064","Michigan"
"474","2065","In Netflix queue"
"474","2066","memory"
"474","2070","music"
"474","2071","AIDs"
"474","2071","In Netflix queue"
"474","2076","sexuality"
"474","2076","suburbia"
"474","2078","Disney"
"474","2080","Disney"
"474","2085","Disney"
"474","2097","carnival"
"474","2097","Ray Bradbury"
"474","2100","mermaid"
"474","2108","weather forecaster"
"474","2114","S.E. Hinton"
"474","2115","archaeology"
"474","2116","Tolkein"
"474","2118","Stephen King"
"474","2121","Stephen King"
"474","2122","Stephen King"
"474","2139","mice"
"474","2145","1980s"
"474","2145","high school"
"474","2160","demons"
"474","2167","vampires"
"474","2171","aquarium"
"474","2171","Boston"
"474","2171","personals ads"
"474","2186","murder"
"474","2187","theater"
"474","2194","Capone"
"474","2194","gangsters"
"474","2202","survival"
"474","2203","small towns"
"474","2206","paranoia"
"474","2208","train"
"474","2243","journalism"
"474","2247","Mafia"
"474","2248","In Your Eyes"
"474","2248","Lloyd Dobbler"
"474","2249","Mafia"
"474","2268","court"
"474","2268","military"
"474","2291","freaks"
"474","2295","Screwball"
"474","2300","Broadway"
"474","2302","court"
"474","2310","adolescence"
"474","2312","death penalty"
"474","2313","freaks"
"474","2324","Holocaust"
"474","2329","racism"
"474","2334","terrorism"
"474","2335","football"
"474","2336","England"
"474","2351","In Netflix queue"
"474","2355","Pixar"
"474","2357","South America"
"474","2360","In Netflix queue"
"474","2390","In Netflix queue"
"474","2391","heist"
"474","2394","Bible"
"474","2394","Moses"
"474","2396","England"
"474","2410","boxing"
"474","2411","boxing"
"474","2412","boxing"
"474","2420","martial arts"
"474","2421","martial arts"
"474","2422","martial arts"
"474","2423","christmas"
"474","2424","e-mail"
"474","2424","remake"
"474","2431","doctors"
"474","2442","In Netflix queue"
"474","2463","kidnapping"
"474","2467","religion"
"474","2470","Australia"
"474","2471","Australia"
"474","2491","food"
"474","2494","Holocaust"
"474","2494","Hungary"
"474","2502","stapler"
"474","2502","workplace"
"474","2506","disability"
"474","2517","Stephen King"
"474","2529","twist ending"
"474","2550","ghosts"
"474","2553","evil children"
"474","2554","evil children"
"474","2565","Siam"
"474","2571","alternate universe"
"474","2572","Shakespeare sort of"
"474","2579","black and white"
"474","2581","high school"
"474","2583","southern US"
"474","2598","golfing"
"474","2600","virtual reality"
"474","2612","motherhood"
"474","2628","prequel"
"474","2628","the Force"
"474","2640","superhero"
"474","2641","superhero"
"474","2642","superhero"
"474","2648","In Netflix queue"
"474","2660","aliens"
"474","2664","1950s"
"474","2677","In Netflix queue"
"474","2692","alternate endings"
"474","2693","Star Trek"
"474","2699","spiders"
"474","2710","claims to be true"
"474","2710","video"
"474","2712","sexuality"
"474","2716","ghosts"
"474","2717","Ghosts"
"474","2719","remake"
"474","2723","superhero"
"474","2726","heist"
"474","2728","crucifixion"
"474","2728","Rome"
"474","2728","slavery"
"474","2745","Missionary"
"474","2745","Priest"
"474","2750","nostalgia"
"474","2750","radio"
"474","2761","robots"
"474","2762","ghosts"
"474","2762","I see dead people"
"474","2787","Stephen King"
"474","2791","aviation"
"474","2791","spoof"
"474","2797","children"
"474","2801","gambling"
"474","2803","lawyers"
"474","2804","Christmas"
"474","2827","aliens"
"474","2863","Beatles"
"474","2871","river"
"474","2872","England"
"474","2872","King Arthur"
"474","2905","In Netflix queue"
"474","2915","prostitution"
"474","2918","High School"
"474","2919","Academy award (Best Supporting Actress)"
"474","2919","Indonesia"
"474","2919","journalism"
"474","2927","adultery"
"474","2935","gambling"
"474","2937","screwball"
"474","2939","In Netflix queue"
"474","2940","nightclub"
"474","2941","island"
"474","2943","Vietnam"
"474","2952","gambling"
"474","2959","violence"
"474","2966","brothers"
"474","2966","lawn mower"
"474","2967","evil children"
"474","2968","time travel"
"474","2987","live action/animation"
"474","3000","anime"
"474","3006","tobacco"
"474","3006","true story"
"474","3007","In Netflix queue"
"474","3011","dance marathon"
"474","3028","Shakespeare"
"474","3030","samurai"
"474","3039","class"
"474","3040","camp"
"474","3044","memory"
"474","3044","music"
"474","3052","religion"
"474","3060","In Netflix queue"
"474","3071","high school"
"474","3072","New York"
"474","3077","In Netflix queue"
"474","3077","Up series"
"474","3081","Ichabod Crane"
"474","3087","christmas"
"474","3087","new york"
"474","3095","depression"
"474","3095","dust bowl"
"474","3097","remade"
"474","3098","baseball"
"474","3098","sports"
"474","3101","adultery"
"474","3108","homeless"
"474","3111","racism"
"474","3114","Pixar"
"474","3115","men in drag"
"474","3125","Graham Greene"
"474","3135","fatherhood"
"474","3147","Stephen King"
"474","3152","black-and-white"
"474","3160","L.A."
"474","3174","Andy Kaufman"
"474","3175","spoof"
"474","3176","Europe"
"474","3176","murder"
"474","3178","boxing"
"474","3181","Shakespeare"
"474","3192","In Netflix queue"
"474","3210","high school"
"474","3211","a dingo ate my baby"
"474","3211","Australia"
"474","3247","nuns"
"474","3250","In Netflix queue"
"474","3258","plastic surgery"
"474","3259","Ireland"
"474","3260","E.M. Forster"
"474","3263","basketball"
"474","3270","figure skating"
"474","3273","slasher"
"474","3273","spoof"
"474","3281","sexuality"
"474","3306","big top"
"474","3306","circus"
"474","3307","blind"
"474","3310","orphans"
"474","3317","writing"
"474","3330","adolescence"
"474","3330","sexuality"
"474","3338","In Netflix queue"
"474","3341","remade"
"474","3360","basketball"
"474","3384","subway"
"474","3385","Peace Corp"
"474","3386","politics"
"474","3386","president"
"474","3408","scandal"
"474","3408","true story"
"474","3420","lawyers"
"474","3421","college"
"474","3421","TOGA"
"474","3424","racism"
"474","3429","aardman"
"474","3435","Insurance"
"474","3447","Pearl S Buck"
"474","3451","Hepburn and Tracy"
"474","3451","interracial marriage"
"474","3451","prejudice"
"474","3451","racism"
"474","3456","In Netflix queue"
"474","3461","island"
"474","3462","factory"
"474","3468","pool"
"474","3469","court"
"474","3469","evolution"
"474","3469","religion"
"474","3475","class"
"474","3481","Nick Hornby"
"474","3489","Peter Pan"
"474","3498","In Netflix queue"
"474","3502","death"
"474","3504","journalism"
"474","3507","In Netflix queue"
"474","3512","transplants"
"474","3515","alternate endings"
"474","3526","families"
"474","3528","psychiatrist"
"474","3536","priest"
"474","3536","rabbi"
"474","3546","show business"
"474","3548","1920s"
"474","3549","Gambling"
"474","3552","golf"
"474","3556","1970s"
"474","3556","suicide"
"474","3559","In Netflix queue"
"474","3566","business"
"474","3566","religion"
"474","3608","Pee Wee Herman"
"474","3629","mining"
"474","3675","Christmas"
"474","3676","In Netflix queue"
"474","3683","Coen Brothers"
"474","3712","television"
"474","3723","Shakespeare"
"474","3724","Vietnam"
"474","3730","spying"
"474","3735","police"
"474","3793","superhero"
"474","3801","court"
"474","3811","court"
"474","3816","missing children"
"474","3844","diabetes"
"474","3849","disability"
"474","3859","In Netflix queue"
"474","3859","televangelist"
"474","3877","superhero"
"474","3897","journalism"
"474","3897","music"
"474","3897","Rolling Stone"
"474","3910","blindness"
"474","3910","factory"
"474","3911","Dogs"
"474","3932","invisibility"
"474","3949","drug abuse"
"474","3951","In Netflix queue"
"474","3967","ballet"
"474","3983","family"
"474","3988","Dr. Seuss"
"474","3994","superhero"
"474","3996","china"
"474","3996","martial arts"
"474","4007","business"
"474","4012","stand-up comedy"
"474","4019","writing"
"474","4024","Edith Wharton"
"474","4025","pageant"
"474","4027","bluegrass"
"474","4029","movies"
"474","4034","based on a TV show"
"474","4046","Quakers"
"474","4077","psychopaths"
"474","4105","zombies"
"474","4113","Tennessee Williams"
"474","4117","In Netflix queue"
"474","4138","demons"
"474","4160","death penalty"
"474","4164","homeless"
"474","4164","New York"
"474","4166","reality TV"
"474","4171","Eugene O'Neill"
"474","4174","In Netflix queue"
"474","4184","Christmas"
"474","4189","Bible"
"474","4189","religion"
"474","4190","preacher"
"474","4190","religion"
"474","4191","sexuality"
"474","4194","In Netflix queue"
"474","4204","virginity"
"474","4210","Hannibal Lecter"
"474","4210","serial killer"
"474","4211","von Bulow"
"474","4214","college"
"474","4218","In Netflix queue"
"474","4221","football"
"474","4226","Backwards. memory"
"474","4232","spying"
"474","4246","singletons"
"474","4259","Nabokov"
"474","4263","alcoholism"
"474","4292","Union"
"474","4296","death"
"474","4306","fairy tales"
"474","4312","In Netflix queue"
"474","4316","figure skating"
"474","4326","race"
"474","4326","rasicm"
"474","4333","Strangers on a Train"
"474","4347","Holocaust"
"474","4356","In Netflix queue"
"474","4359","adultery"
"474","4361","men in drag"
"474","4370","robots"
"474","4380","accident"
"474","4396","race"
"474","4404","In Netflix queue"
"474","4447","lawyers"
"474","4448","heist"
"474","4465","rape"
"474","4476","twins"
"474","4477","circus"
"474","4489","Africa"
"474","4489","immigrants"
"474","4495","New York"
"474","4526","aliens"
"474","4537","hippies"
"474","4545","robots"
"474","4546","kidnapping"
"474","4546","remade"
"474","4558","twins"
"474","4571","time travel"
"474","4600","doctors"
"474","4621","babies"
"474","4623","baseball"
"474","4638","dinosaurs"
"474","4639","Hollywood"
"474","4639","movie business"
"474","4641","adolescence"
"474","4677","dogs"
"474","4678","television"
"474","4688","In Netflix queue"
"474","4787","prodigies"
"474","4801","family"
"474","4808","remake"
"474","4809","Nuclear disaster"
"474","4809","union"
"474","4812","NASA"
"474","4812","space"
"474","4823","wedding"
"474","4835","Loretta Lynn"
"474","4857","Judaism"
"474","4857","Tradition!"
"474","4874","aliens"
"474","4874","psychiatrist"
"474","4878","time travel"
"474","4881","Coen Brothers"
"474","4896","Magic"
"474","4896","Wizards"
"474","4902","ghosts"
"474","4920","psychology"
"474","4963","heist"
"474","4969","In Netflix queue"
"474","4970","nightclub"
"474","4970","singers"
"474","4973","whimsical"
"474","4979","new york"
"474","4980","time travel"
"474","4993","Tolkein"
"474","4998","racism"
"474","5008","Agatha Christie"
"474","5008","court"
"474","5012","cross dressing"
"474","5012","Judaism"
"474","5015","race"
"474","5034","Ghost"
"474","5064","Dumas"
"474","5064","revenge"
"474","5114","movie business"
"474","5120","In Netflix queue"
"474","5135","India"
"474","5139","baseball"
"474","5213","religion"
"474","5224","In Netflix queue"
"474","5238","In Netflix queue"
"474","5266","crime"
"474","5291","In Netflix queue"
"474","5291","samurai"
"474","5294","religion"
"474","5304","In Netflix queue"
"474","5316","World War II"
"474","5349","superhero"
"474","5353","blind"
"474","5377","Nick Hornby"
"474","5379","anti-Semitism"
"474","5379","Judaism"
"474","5398","boxing"
"474","5404","books"
"474","5445","future"
"474","5446","Australia"
"474","5450","sisterhood"
"474","5450","women"
"474","5451","disability"
"474","5451","mental illness"
"474","5470","Oscar Wilde"
"474","5475","In Netflix queue"
"474","5483","movie business"
"474","5498","In Netflix queue"
"474","5502","aliens"
"474","5505","adultery"
"474","5505","younger men"
"474","5527","AS Byatt"
"474","5527","books"
"474","5528","photography"
"474","5528","psychopaths"
"474","5548","homeless"
"474","5577","adolescence"
"474","5601","Animal movie"
"474","5603","crime"
"474","5603","heist"
"474","5618","anime"
"474","5629","Bible"
"474","5630","Hannibal Lecter"
"474","5633","bombs"
"474","5644","baseball"
"474","5644","Lou Gehrig"
"474","5669","violence in america"
"474","5673","pudding"
"474","5682","Holocaust"
"474","5685","Girl Power"
"474","5690","made me cry"
"474","5690","orphans"
"474","5721","In Netflix queue"
"474","5721","Judaism"
"474","5747","World War I"
"474","5791","art"
"474","5792","dating"
"474","5802","teenagers"
"474","5812","salute to Douglas Sirk"
"474","5816","Magic"
"474","5816","Wizards"
"474","5820","music business"
"474","5875","short films"
"474","5876","Graham Greene"
"474","5878","coma"
"474","5899","Africa"
"474","5952","Tolkein"
"474","5954","crime"
"474","5954","nightclub"
"474","5971","anime"
"474","5989","crime"
"474","5991","court"
"474","5991","jazz"
"474","5991","murder"
"474","5994","Dickens"
"474","5995","Holocaust"
"474","6002","drugs"
"474","6002","planes"
"474","6002","widows/widowers"
"474","6003","television"
"474","6016","crime"
"474","6016","photography"
"474","6016","violence"
"474","6020","class"
"474","6027","In Netflix queue"
"474","6031","motherhood"
"474","6031","race"
"474","6041","In Netflix queue"
"474","6063","doll"
"474","6090","ghosts"
"474","6101","Chile"
"474","6101","politics"
"474","6101","South America"
"474","6104","spoof"
"474","6156","England"
"474","6159","adolescence"
"474","6163","obsession"
"474","6170","horses"
"474","6178","blind"
"474","6178","blindness"
"474","6178","race"
"474","6181","Civil War"
"474","6181","Stephen Crane"
"474","6183","Day and Hudson"
"474","6183","sexuality"
"474","6195","books"
"474","6195","Stones of Summer"
"474","6197","mental illness"
"474","6201","England"
"474","6216","World War II"
"474","6218","soccer"
"474","6228","In Netflix queue"
"474","6232","animal movie"
"474","6232","lions"
"474","6235","Holocaust"
"474","6235","World War II"
"474","6238","immigrants"
"474","6242","television"
"474","6244","In Netflix queue"
"474","6245","prostitution"
"474","6254","screwball"
"474","6268","adolescence"
"474","6269","Big Brothers"
"474","6273","L.A."
"474","6281","crime"
"474","6286","amnesia"
"474","6288","gangs"
"474","6289","Titanic"
"474","6291","prostitution"
"474","6296","mockumentary"
"474","6297","children"
"474","6299","birds"
"474","6305","Ray Bradbury"
"474","6308","lawyers"
"474","6327","1970s"
"474","6327","movies"
"474","6331","spelling bee"
"474","6333","Jean Grey"
"474","6333","Magneto"
"474","6333","Rogue"
"474","6333","superhero"
"474","6333","Wolverine"
"474","6334","teachers"
"474","6337","gambling"
"474","6339","trains"
"474","6341","art"
"474","6350","anime"
"474","6367","retro"
"474","6368","movies"
"474","6373","religion"
"474","6375","In Netflix queue"
"474","6375","They Might Be Giants"
"474","6377","Disney"
"474","6377","fish"
"474","6378","heist"
"474","6380","child abuse"
"474","6385","Girl Power"
"474","6390","Ninotchka remake"
"474","6400","crime"
"474","6407","Olympics"
"474","6407","Tokyo"
"474","6422","Civil War"
"474","6440","movie business"
"474","6452","In Netflix queue"
"474","6454","Nazis"
"474","6466","In Netflix queue"
"474","6502","zombies"
"474","6515","fugitive"
"474","6516","In Netflix queue"
"474","6535","politics"
"474","6536","swashbuckler"
"474","6539","swashbuckler"
"474","6545","Dodie Smith"
"474","6547","flood"
"474","6552","immigration"
"474","6565","horses"
"474","6579","Japan"
"474","6591","religion"
"474","6592","marriage"
"474","6603","Othello"
"474","6609","Bible"
"474","6620","cancer"
"474","6636","road trip"
"474","6639","blindness"
"474","6650","family"
"474","6650","multiple roles"
"474","6650","murder"
"474","6660","ballet"
"474","6662","Clousseau"
"474","6667","FBI"
"474","6668","In Netflix queue"
"474","6669","terminal illness"
"474","6708","con men"
"474","6708","fatherhood"
"474","6710","vertriloquism"
"474","6711","Japan"
"474","6713","In Netflix queue"
"474","6724","In Netflix queue"
"474","6732","matchmaker"
"474","6744","vampire"
"474","6753","Animal movie"
"474","6768","religion"
"474","6770","adultery"
"474","6770","terminal illness"
"474","6773","biking"
"474","6776","India"
"474","6785","Lonesome Polecat"
"474","6786","In Netflix queue"
"474","6787","journalism"
"474","6787","Watergate"
"474","6788","pregnancy"
"474","6791","Food"
"474","6807","british comedy"
"474","6810","domestic violence"
"474","6820","werewolf"
"474","6832","amnesia"
"474","6849","Christmas"
"474","6852","black and white"
"474","6852","Capote"
"474","6852","crime"
"474","6852","death penalty"
"474","6852","murder"
"474","6856","biopic"
"474","6863","school"
"474","6867","trains"
"474","6870","child abuse"
"474","6870","kidnapping"
"474","6874","martial arts"
"474","6874","revenge"
"474","6881","Thanksgiving"
"474","6890","adolescence"
"474","6890","violence in america"
"474","6909","transplants"
"474","6912","Rita Hayworth can dance!"
"474","6918","India"
"474","6932","journalism"
"474","6936","christmas"
"474","6944","remake"
"474","6944","wedding"
"474","6948","music business"
"474","6948","rap"
"474","6963","Amish"
"474","6970","Hepburn and Tracy"
"474","6979","Cold War"
"474","6981","religion"
"474","6984","Dickens"
"474","6985","saint"
"474","6993","family"
"474","7013","good and evil"
"474","7018","court"
"474","7018","Scott Turow"
"474","7023","In Netflix queue"
"474","7025","In Netflix queue"
"474","7049","Astaire and Rogers"
"474","7050","Astaire and Rogers"
"474","7053","Astaire and Rogers"
"474","7055","Astaire and Rogers"
"474","7059","horses"
"474","7061","terminal illness"
"474","7062","birds"
"474","7062","prison"
"474","7069","In Netflix queue"
"474","7069","Shakespeare"
"474","7070","cattle drive"
"474","7071","In Netflix queue"
"474","7073","Clousseau"
"474","7079","disability"
"474","7086","George Bernard Shaw"
"474","7087","E.M. Forster"
"474","7088","In Netflix queue"
"474","7090","martial arts"
"474","7091","Marx brothers"
"474","7121","Hepburn and Tracy"
"474","7132","Marx brothers"
"474","7132","opera"
"474","7139","immigrants"
"474","7141","In Netflix queue"
"474","7153","Tolkein"
"474","7156","Vietnam"
"474","7158","real estate"
"474","7160","serial killer"
"474","7162","Civil War"
"474","7190","Charlotte Bronte"
"474","7212","cross dressing"
"474","7212","men in drag"
"474","7217","amnesia"
"474","7218","In Netflix queue"
"474","7219","truckers"
"474","7234","circus"
"474","7256","mountain climbing"
"474","7285","adolescence"
"474","7301","priest"
"474","7301","religion"
"474","7318","religion"
"474","7323","Cold War"
"474","7361","memory"
"474","7371","Grace"
"474","7382","adolescence"
"474","7382","crime"
"474","7438","revenge"
"474","7440","Holocaust"
"474","7451","High School"
"474","7479","World War II"
"474","7493","multiple personalities"
"474","7572","cancer"
"474","7584","Hepburn and Tracy"
"474","7584","marriage"
"474","7614","Rogers and Hammerstein"
"474","7618","biopic"
"474","7618","In Netflix queue"
"474","7619","blindness"
"474","7619","deaf"
"474","7646","Stephen King"
"474","7649","space station"
"474","7700","In Netflix queue"
"474","7705","Hepburn and Tracy"
"474","7705","sports"
"474","7713","sexuality"
"474","7714","King Arthur"
"474","7728","adultery"
"474","7748","In Netflix queue"
"474","7766","MacBeth"
"474","7789","terrorism"
"474","7792","In Netflix queue"
"474","7831","Nick and Nora Charles"
"474","7832","Nick and Nora Charles"
"474","7833","Nick and Nora Charles"
"474","7834","Nick and Nora Charles"
"474","7835","Nick and Nora Charles"
"474","7924","In Netflix queue"
"474","7926","In Netflix queue"
"474","7932","Amtrak"
"474","7932","Homeless"
"474","7932","independent"
"474","7932","New York"
"474","7932","Sundance award winner"
"474","7932","Train"
"474","7934","psychology"
"474","7981","police"
"474","7983","show business"
"474","8011","politics"
"474","8014","In Netflix queue"
"474","8019","remade"
"474","8033","In Netflix queue"
"474","8094","In Netflix queue"
"474","8153","Van Gogh"
"474","8167","swashbuckler"
"474","8183","In Netflix queue"
"474","8188","Not available from Netflix"
"474","8190","In Netflix queue"
"474","8191","Anne Boleyn"
"474","8197","In Netflix queue"
"474","8207","assassination"
"474","8228","heist"
"474","8235","Clock"
"474","8266","Prince"
"474","8275","In Netflix queue"
"474","8337","military"
"474","8338","convent"
"474","8338","religion"
"474","8341","Dickens"
"474","8360","ogres"
"474","8366","pregnancy"
"474","8366","religion"
"474","8368","Magic"
"474","8368","Wizards"
"474","8375","politics"
"474","8376","high school"
"474","8379","In Netflix queue"
"474","8382","death"
"474","8424","divorce"
"474","8446","World War II"
"474","8463","deafness"
"474","8464","food"
"474","8464","McDonalds"
"474","8507","circus"
"474","8530","Ireland"
"474","8580","fairy tales"
"474","8580","In Netflix queue"
"474","8607","In Netflix queue"
"474","8609","In Netflix queue"
"474","8622","politics"
"474","8622","terrorism"
"474","8636","Doc Ock"
"474","8638","generation X"
"474","8645","drugs"
"474","8645","immigrants"
"474","8695","court"
"474","8714","Cole Porter"
"474","8754","Oscar (Best Actress)"
"474","8765","In Netflix queue"
"474","8784","psychology"
"474","8796","Rome"
"474","8809","Australia"
"474","8827","Stand Up"
"474","8838","In Netflix queue"
"474","8874","zombies"
"474","8875","alcoholism"
"474","8875","marriage"
"474","8879","Agatha Christie"
"474","8879","Oscar (Best Supporting Actress)"
"474","8879","train"
"474","8880","disability"
"474","8914","time travel"
"474","8920","Oscar (Best Actress)"
"474","8938","parenthood"
"474","8938","psychology"
"474","8943","stage"
"474","8949","wine"
"474","8950","psychology"
"474","8951","abortion"
"474","8958","biopic"
"474","8961","Disney"
"474","8961","superhero"
"474","8970","Peter Pan"
"474","8979","Hearst"
"474","8983","martial arts"
"474","8998","In Netflix queue"
"474","9018","journalism"
"474","25753","gold"
"474","25825","revenge"
"474","25841","show business"
"474","25855","In Netflix queue"
"474","25865","In Netflix queue"
"474","25886","made me cry"
"474","25940","mirrors"
"474","25952","In Netflix queue"
"474","26085","Not available from Netflix"
"474","26131","In Netflix queue"
"474","26151","donkey"
"474","26242","In Netflix queue"
"474","26662","anime"
"474","26776","In Netflix queue"
"474","27731","In Netflix queue"
"474","27741","In Netflix queue"
"474","27790","religion"
"474","27790","saints"
"474","27820","Animal movie"
"474","27820","camels"
"474","27834","fatherhood"
"474","27838","revenge"
"474","27878","India"
"474","27882","surfing"
"474","30707","boxing"
"474","30749","genocide"
"474","30793","roald dahl"
"474","30812","biopic"
"474","30812","Howard Hughes"
"474","30812","movie business"
"474","30820","child abuse"
"474","30822","busniess"
"474","30850","Shakespeare"
"474","31030","motherhood"
"474","31437","orphans"
"474","31658","06 Oscar Nominated Best Movie - Animation"
"474","31658","In Netflix queue"
"474","31903","marriage"
"474","31923","In Netflix queue"
"474","32160","In Netflix queue"
"474","32371","In Netflix queue"
"474","32582","birds"
"474","32582","parrots"
"474","32584","fatherhood"
"474","33154","business"
"474","33154","money"
"474","33154","scandal"
"474","33166","racism"
"474","33493","space"
"474","33493","space opera"
"474","33660","boxing"
"474","34271","hip hop"
"474","34359","pregnancy"
"474","34405","Firefly"
"474","34437","In Netflix queue"
"474","34482","In Netflix queue"
"474","34528","pregnancy"
"474","34542","Animal movie"
"474","34542","bears"
"474","35015","Animal movie"
"474","35015","In Netflix queue"
"474","36517","Africa"
"474","36517","business"
"474","36517","politics"
"474","36527","mathematics"
"474","36535","In Netflix queue"
"474","37240","In Netflix queue"
"474","37729","06 Oscar Nominated Best Movie - Animation"
"474","37733","In Netflix queue"
"474","37736","Dickens"
"474","37741","Truman Capote"
"474","38038","06 Oscar Nominated Best Movie - Animation"
"474","38038","Aardman"
"474","38061","In Netflix queue"
"474","38886","divorce"
"474","39234","courtroom drama"
"474","39234","In Netflix queue"
"474","39292","In Netflix queue"
"474","39292","journalism"
"474","39292","McCarthy hearings"
"474","39292","Morrow"
"474","40583","In Netflix queue"
"474","40629","In Netflix queue"
"474","40815","Magic"
"474","40815","Wizards"
"474","40819","Johnny Cash"
"474","41566","C.S. Lewis"
"474","41997","In Netflix queue"
"474","42002","In Netflix queue"
"474","42740","In Netflix queue"
"477","32","Brad Pitt"
"477","32","Bruce Willis"
"477","32","mindfuck"
"477","32","Post apocalyptic"
"477","32","post-apocalyptic"
"477","32","remake"
"477","32","time travel"
"477","32","twist ending"
"477","34","villain nonexistent or not needed for good story"
"477","104","Adam Sandler"
"477","216","Adam Sandler"
"477","216","stop looking at me swan"
"477","318","Morgan Freeman"
"477","541","androids"
"477","541","artificial intelligence"
"477","541","atmospheric"
"477","541","cyberpunk"
"477","541","future"
"477","541","mindfuck"
"477","541","Philip K. Dick"
"477","589","Scifi masterpiece"
"477","593","disturbing"
"477","593","drama"
"477","593","gothic"
"477","593","psychology"
"477","593","suspense"
"477","733","Michael Bay"
"477","733","terrorism"
"477","750","black comedy"
"477","750","dark comedy"
"477","750","satire"
"477","832","GIVE ME BACK MY SON!"
"477","832","It was melodramatic and kind of dumb"
"477","832","Mel Gibson"
"477","903","Alfred Hitchcock"
"477","903","Atmospheric"
"477","903","imdb top 250"
"477","903","James Stewart"
"477","904","imdb top 250"
"477","904","James Stewart"
"477","904","mystery"
"477","904","photographer"
"477","904","photography"
"477","908","Alfred Hitchcock"
"477","908","imdb top 250"
"477","922","eerie"
"477","922","movie business"
"477","1089","humorous"
"477","1089","neo-noir"
"477","1089","Quentin Tarantino"
"477","1089","religion"
"477","1089","Tarantino"
"477","1196","classic"
"477","1196","George Lucas"
"477","1196","Harrison Ford"
"477","1196","music"
"477","1196","original plot"
"477","1196","sci-fi"
"477","1196","sequel"
"477","1219","Alfred Hitchcock"
"477","1219","black and white"
"477","1219","imdb top 250"
"477","1219","remade"
"477","1222","anti-war"
"477","1274","animation"
"477","1274","anime"
"477","1274","visually stunning"
"477","2393","cameo:Whoopi Goldberg"
"477","2393","space opera"
"477","2393","Star Trek"
"477","2694","Adam Sandler"
"477","2706","best comedy"
"477","2706","Chris Klein"
"477","2706","dumb"
"477","2706","Jason Biggs"
"477","2706","not funny"
"477","2706","pizza beer"
"477","2706","Seann William Scott"
"477","2706","teen"
"477","2761","animation"
"477","3000","adventure"
"477","3000","atmospheric"
"477","3000","fantasy world"
"477","3000","Studio Ghibli"
"477","3000","surreal"
"477","3527","aliens"
"477","3527","Arnold Schwarzenegger"
"477","3527","dialogue"
"477","3527","guns"
"477","3527","Jesse Ventura"
"477","3527","macho"
"477","3527","sci-fi"
"477","3527","scifi cult"
"477","3994","atmospheric"
"477","3994","comics"
"477","3994","father-son relationship"
"477","3994","mindfuck"
"477","3994","unique"
"477","4226","mystery"
"477","4226","twist ending"
"477","4454","claymation"
"477","4454","creativity"
"477","4454","dystopia"
"477","4454","free to download"
"477","4454","imagination"
"477","4454","no dialogue"
"477","4454","social commentary"
"477","4725","mental hospital"
"477","4725","psychology"
"477","4725","suspense"
"477","4725","Well Done"
"477","4878","dreamlike"
"477","4878","hallucinatory"
"477","4878","mental illness"
"477","4878","psychology"
"477","4878","social commentary"
"477","4878","teen"
"477","4878","thought-provoking"
"477","5459","crappy sequel"
"477","5459","first was much better"
"477","5459","sequel"
"477","7361","cult film"
"477","7361","imagination"
"477","7361","Jim Carrey"
"477","7361","love"
"477","7361","surreal"
"477","7439","comic book"
"477","8783","Atmospheric"
"477","8783","good soundtrack"
"477","8783","M. Night Shyamalan"
"477","8961","animation"
"477","8961","Samuel L. Jackson"
"477","41569","big budget"
"477","42422","love"
"477","45499","Halle Berry"
"477","45499","Hugh Jackman"
"477","45730","bad"
"477","45730","disappointing"
"477","45730","faerie tale"
"477","45730","fairy tale"
"477","45730","far fetched"
"477","45730","M. Night Shyamalan"
"477","45730","Paul Giamatti"
"477","47610","costume drama"
"477","47610","Edward Norton"
"477","47610","magic"
"477","47610","Paul Giamatti"
"477","52885","dreamlike"
"477","53468","zombies"
"477","54503","friendship"
"477","54503","high school"
"477","54503","Michael Cera"
"477","54503","nerds"
"477","54503","self discovery"
"477","54503","shenanigans"
"477","54503","virginity"
"477","55167","anime"
"477","56174","alone in the world"
"477","56174","apocalypse"
"477","56174","based on a book"
"477","56174","last man on earth"
"477","56174","plot holes"
"477","56174","Post apocalyptic"
"477","56174","post-apocalyptic"
"477","56174","religion"
"477","56174","vampire"
"477","56367","Michael Cera"
"477","56367","notable soundtrack"
"477","56367","pregnancy"
"477","56367","teenage pregnancy"
"477","56367","witty"
"477","57669","black comedy"
"477","57669","Colin Farrell"
"477","57669","dark comedy"
"477","57669","drugs"
"477","57669","friendship"
"477","57669","irreverent"
"477","57669","Ralph Fiennes"
"477","57669","stylized"
"477","59141","movies about movies"
"477","60069","last man on earth"
"477","60069","love story"
"477","60069","Post apocalyptic"
"477","60069","social commentary"
"477","61323","Brad Pitt"
"477","61323","Coen Bros"
"477","61323","Coen Brothers"
"477","61323","dark comedy"
"477","61323","espionage"
"477","61323","George Clooney"
"477","61323","John Malkovich"
"477","61323","satire"
"477","61323","twists & turns"
"477","61323","weird"
"477","62336","2D animation"
"477","62336","cult film"
"477","62336","stylish"
"477","62336","surreal"
"477","66934","joss whedon"
"477","66934","Nathan Fillion"
"477","66934","Neil Patrick Harris"
"477","66934","parody"
"477","67087","Andy Samberg"
"477","67087","bromance"
"477","67087","bromantic"
"477","67087","comedy"
"477","67087","Jaime Pressly"
"477","67087","Jason Segel"
"477","67087","masculinity"
"477","67087","Paul Rudd"
"477","68237","2001-like"
"477","68237","Sci-fi"
"477","68237","solitude"
"477","68319","bad plot"
"477","68319","comic book"
"477","68319","hugh jackman"
"477","68319","Ryan Reynolds"
"477","68319","too many characters"
"477","68358","future"
"477","68358","lack of development"
"477","68358","lack of story"
"477","68358","quick cuts"
"477","68358","sci-fi"
"477","68358","Simon Pegg"
"477","68358","space"
"477","68358","space travel"
"477","68358","time travel"
"477","68791","artificial intelligence"
"477","68791","bad acting"
"477","68791","bad plot"
"477","68791","bad script"
"477","68791","Christian Bale"
"477","68791","FIGHTING THE SYSTEM"
"477","68791","franchise"
"477","68791","new composer"
"477","68791","post-apocalyptic"
"477","68791","robots"
"477","68791","sci-fi"
"477","68791","sequel"
"477","68945","Recap"
"477","69526","bad plot"
"477","69526","Michael Bay"
"477","69526","needed more autobots"
"477","69526","plot holes"
"477","69526","ridiculous"
"477","69526","Shia LaBeouf"
"477","69526","stop using useless characters for filler"
"477","69757","artistic"
"477","69757","Funny"
"477","69757","humorous"
"477","69757","inspiring"
"477","69757","intelligent"
"477","69757","quirky"
"477","69757","romance"
"477","69757","Zooey Deschanel"
"477","70286","intelligent sci-fi"
"477","72224","bad humor"
"477","72998","bad science"
"477","72998","futuristic"
"477","72998","graphic design"
"477","72998","James Cameron"
"477","72998","military"
"477","72998","poor dialogue"
"477","72998","sci-fi"
"477","72998","superficial plot"
"477","72998","unoriginal"
"477","72998","white guilt"
"477","79132","dreamlike"
"477","79132","surreal"
"477","79132","visually appealing"
"477","79702","geeky"
"477","79702","Michael Cera"
"477","79702","stylized"
"477","79702","video games"
"477","82242","male nudity"
"477","82461","action choreography"
"477","82461","Horrid characterisation"
"477","82461","Poor plot development"
"477","82461","sequel"
"477","82461","soundtrack"
"487","112552","passion"
"487","112552","psychological"
"487","112552","suspense"
"506","112552","jazz"
"506","112552","music"
"506","112552","tense"
"509","80834","adventure"
"509","80834","animation"
"509","80834","fantasy"
"513","750","purity of essence"
"513","750","Slim Pickens"
"513","6787","Deep Throat"
"520","3039","Dan Aykroyd"
"520","60516","enjoyable"
"533","356","bubba gump shrimp"
"533","356","lieutenant dan"
"533","356","stupid is as stupid does"
"537","527","based on a true story"
"537","527","biography"
"537","527","disturbing"
"537","527","holocaust"
"537","1625","Mystery"
"537","1721","romance"
"537","2329","edward norton"
"537","2329","emotional"
"537","2329","politics"
"537","2571","philosophy"
"537","2571","post apocalyptic"
"537","3949","depressing"
"537","3949","psychology"
"537","5989","cheating"
"537","5989","intelligent"
"537","5989","Leonardo DiCaprio"
"537","5989","lies"
"537","5989","smart"
"537","5989","Tom Hanks"
"537","5989","twists & turns"
"537","8533","memory loss"
"537","8533","romance"
"537","8533","sad"
"537","55765","corruption"
"537","55765","Denzel Washington"
"537","55765","mafia"
"537","55765","organized crime"
"537","58295","heist"
"537","58295","robbery"
"537","58295","small time criminals"
"537","69122","casino"
"537","69122","comedy"
"537","69122","funny"
"537","69122","hotel"
"537","69122","Las Vegas"
"537","69481","war"
"537","72998","beautiful scenery"
"537","72998","graphic design"
"537","72998","music"
"537","72998","politics"
"537","72998","romance"
"537","72998","thought-provoking"
"537","72998","too long"
"537","72998","visually stunning"
"537","79132","big budget"
"537","79132","clever"
"537","79132","complicated"
"537","79132","dead wife"
"537","79132","great soundtrack"
"537","79132","heist"
"537","79132","intellectual"
"537","79132","mindfuck"
"537","79132","philosophy"
"537","79132","psychological"
"537","79132","psychology"
"537","79132","suspense"
"537","79132","thought-provoking"
"537","80489","crime"
"537","80489","FBI"
"537","80489","romance"
"537","80489","too much love interest"
"537","80906","business"
"537","80906","corruption"
"537","80906","economics"
"537","80906","investor corruption"
"537","80906","politics"
"537","80906","truth"
"537","89745","Captain America"
"537","89745","silly"
"537","89745","superhero"
"537","89745","superhero team"
"537","90439","bank"
"537","90439","big corporations"
"537","90439","business"
"537","90439","corruption"
"537","90439","financial crisis"
"537","90439","Kevin Spacey"
"537","90439","realistic"
"537","90439","suspense"
"537","90439","Wall Street"
"537","92259","emotional"
"537","92259","sexuality"
"537","95067","interesting scenario"
"537","95441","crude humor"
"537","97304","cia"
"537","97304","politics"
"537","97304","Thrilling"
"537","99114","Soundtrack"
"537","104218","Adam Sandler"
"537","104841","cliche characters"
"537","104841","long shots"
"537","104841","predictable"
"537","104841","Simple"
"537","104841","slow action"
"537","104841","visually appealing"
"537","105504","hostage"
"537","105504","ocean"
"537","105504","suspense"
"537","106782","Stock Market"
"537","106782","Wall Street"
"543","85565","Comedy"
"567","1","fun"
"567","101","off-beat comedy"
"567","101","quirky"
"567","308","cynical"
"567","356","bittersweet"
"567","356","emotional"
"567","356","heartwarming"
"567","356","touching"
"567","541","atmospheric"
"567","541","dreamlike"
"567","541","existentialism"
"567","541","philosophical"
"567","750","black comedy"
"567","750","dark comedy"
"567","750","Quirky"
"567","1203","claustrophobic"
"567","1203","confrontational"
"567","1203","earnest"
"567","1203","good dialogue"
"567","1203","great screenplay"
"567","1203","gritty"
"567","1203","Motivational"
"567","1203","thought-provoking"
"567","1237","atmospheric"
"567","1237","cerebral"
"567","1237","existentialism"
"567","1237","philosophical"
"567","1237","reflective"
"567","1260","atmospheric"
"567","1260","chilly"
"567","1260","creepy"
"567","1260","menacing"
"567","1260","mental illness"
"567","1260","oninous"
"567","1653","intelligent"
"567","1653","thought-provoking"
"567","1704","heartwarming"
"567","1704","inspirational"
"567","1916","avant-garde romantic comedy"
"567","1916","elegiac"
"567","1916","melancholy"
"567","1916","quirky"
"567","1916","wry"
"567","1921","artsy"
"567","1921","atmospheric"
"567","1921","cerebral"
"567","1921","enigmatic"
"567","1921","existentialism"
"567","1921","hallucinatory"
"567","1921","insanity"
"567","1921","paranoia"
"567","1921","paranoid"
"567","1921","surreal"
"567","1921","tense"
"567","1921","visually appealing"
"567","2138","atmospheric"
"567","2138","beautiful"
"567","2324","bittersweet"
"567","2324","emotional"
"567","2324","Heartwarming"
"567","2324","poignant"
"567","2324","sentimental"
"567","2324","tear jerker"
"567","2324","tearjerking"
"567","2731","emotional"
"567","2731","gentle"
"567","2731","heartwarming"
"567","2731","lyrical"
"567","2731","reflective"
"567","3134","downbeat"
"567","3134","poignant"
"567","3266","black comedy"
"567","3266","crazy"
"567","3266","dark"
"567","3266","dark comedy"
"567","3266","dark humor"
"567","3266","serial killer"
"567","3424","great cinematography"
"567","3671","dark humor"
"567","3671","easygoing"
"567","3671","silly"
"567","3676","art house"
"567","3676","Atmospheric"
"567","3676","creepy"
"567","3676","cryptic"
"567","3676","dark"
"567","3676","disturbing"
"567","3676","dreamlike"
"567","3676","enigmatic"
"567","3676","fucked up"
"567","3676","gruesome"
"567","3676","hallucinatory"
"567","3676","Insane"
"567","3676","paranoid"
"567","3676","strange"
"567","3676","surreal"
"567","3676","weird"
"567","3994","atmospheric"
"567","3994","somber"
"567","4144","atmospheric"
"567","4144","Beautiful"
"567","4144","bittersweet"
"567","4144","dreamy"
"567","4144","elegant"
"567","4144","heartbreaking"
"567","4144","intimate"
"567","4144","loneliness"
"567","4144","long takes"
"567","4144","longing"
"567","4144","melancholic"
"567","4144","melancholy"
"567","4144","moody"
"567","4144","nocturnal"
"567","4144","romantic"
"567","4144","Unique"
"567","4144","visually appealing"
"567","4144","visually stunning"
"567","4226","cerebral"
"567","4226","dreamlike"
"567","4552","""artsy"""
"567","4552","atmospheric"
"567","4552","gritty"
"567","4552","hallucinatory"
"567","4552","surreal"
"567","4552","visually stunning"
"567","4878","atmospheric"
"567","4878","cerebral"
"567","4878","dreamlike"
"567","4878","enigmatic"
"567","4878","hallucinatory"
"567","4878","mental illness"
"567","4878","mindfuck"
"567","4878","philosophy"
"567","4878","psychological"
"567","4878","quirky"
"567","4878","surreal"
"567","4878","thought-provoking"
"567","4878","weird"
"567","5673","anger"
"567","5673","awkward"
"567","5673","bittersweet"
"567","5673","hallucinatory"
"567","5673","quirky"
"567","5673","sad"
"567","5673","surreal"
"567","5673","symbolism"
"567","5673","tense"
"567","5673","unconventional"
"567","5673","unique"
"567","5673","wistful"
"567","5690","beautiful"
"567","5690","downbeat"
"567","5690","grim"
"567","5690","poignant"
"567","5690","tear jerker"
"567","5690","tragedy"
"567","5690","tragic"
"567","6214","dark"
"567","6214","disturbing"
"567","6291","Depressing"
"567","6291","melancholy"
"567","6291","sad"
"567","6377","heartwarming"
"567","6669","meditative"
"567","6669","philosophical"
"567","6669","poignant"
"567","6669","purposefulness"
"567","6818","atmospheric"
"567","6818","bleak"
"567","6818","disturbing"
"567","6818","gritty"
"567","6818","harsh"
"567","7024","bleak"
"567","7024","confrontational"
"567","7024","disturbing"
"567","7024","harsh"
"567","7024","haunting"
"567","7024","inhumane"
"567","7024","thought-provoking"
"567","7361","arthouse"
"567","7361","artistic"
"567","7361","atmospheric"
"567","7361","beautiful"
"567","7361","bittersweet"
"567","7361","colourful"
"567","7361","comedy"
"567","7361","dreamlike"
"567","7361","emotional"
"567","7361","feel-good"
"567","7361","happpiness"
"567","7361","humane"
"567","7361","insightful"
"567","7361","intelligent"
"567","7361","lovely"
"567","7361","melancholy"
"567","7361","mind-bending"
"567","7361","philosophy"
"567","7361","quirky"
"567","7361","quirky romantic"
"567","7361","romantic"
"567","7361","surreal"
"567","7361","surrealism"
"567","7361","thought-provoking"
"567","8335","heartbreaking"
"567","8477","post-apocalyptic"
"567","25771","mindfuck"
"567","25771","surreal"
"567","25771","surrealism"
"567","26717","boring"
"567","26717","psychedelic"
"567","26717","symbolic"
"567","27773","bizarre"
"567","27773","claustrophobic"
"567","27773","depressing"
"567","27773","disturbing"
"567","27773","hallucinatory"
"567","27773","paranoid"
"567","27773","surreal"
"567","27773","twisted"
"567","30810","heartwarming"
"567","30810","off-beat comedy"
"567","30810","quirky"
"567","30810","trippy"
"567","30810","visually appealing"
"567","30810","whimsical"
"567","40491","depression"
"567","45880","cinematography"
"567","45880","lyrical"
"567","48394","atmospheric"
"567","48394","bittersweet"
"567","48394","visually appealing"
"567","48780","atmospheric"
"567","48780","enigmatic"
"567","50872","clever"
"567","50872","inspirational"
"567","56782","atmospheric"
"567","56782","cerebral"
"567","56782","character study"
"567","56782","gritty"
"567","56782","intense"
"567","56782","long shots"
"567","56782","morality"
"567","56782","visually appealing"
"567","57502","abstract"
"567","57502","dark"
"567","57502","psychedelic"
"567","57502","surreal"
"567","58301","dark"
"567","58301","dark humor"
"567","58301","intelligent"
"567","58301","thought-provoking"
"567","58559","dark"
"567","58559","gritty"
"567","63062","emotional"
"567","68954","bittersweet"
"567","68954","emotional"
"567","68954","heartbreaking"
"567","68954","touching"
"567","71899","bittersweet"
"567","71899","black comedy"
"567","71899","character study"
"567","71899","dark comedy"
"567","71899","friendship"
"567","71899","loneliness"
"567","71899","mental illness"
"567","71899","philosophical"
"567","71899","poignant"
"567","71899","quirky"
"567","71899","sad"
"567","71899","sweet"
"567","71899","touching"
"567","74791","surreal"
"567","74791","whimsical"
"567","79132","cerebral"
"567","79132","dreamlike"
"567","79132","philosophy"
"567","79132","thought-provoking"
"567","80463","good dialogue"
"567","80463","loneliness"
"567","80463","witty"
"567","89745","fun"
"567","89745","great humor"
"567","89745","visually appealing"
"567","94959","quirky"
"567","95558","Beautiful"
"567","95558","emotional"
"567","95558","poetic"
"567","96079","beautiful cinematography"
"567","96079","beautifully filmed"
"567","96079","cinematography"
"567","99764","moving"
"567","99764","philosopical"
"567","99764","surreal"
"567","99764","weird"
"567","99917","artistic"
"567","99917","artsy"
"567","99917","atmospheric"
"567","99917","Beautiful"
"567","99917","dreamlike"
"567","99917","existentialism"
"567","104875","quirky"
"567","104944","emotional"
"567","104944","feel-good"
"567","104944","heartwarming"
"567","104944","mental illness"
"567","104944","touching"
"567","105504","suspense"
"567","105504","tense"
"567","106766","atmospheric"
"567","106766","cinematography"
"567","106766","depressing"
"567","106766","funny"
"567","107406","fatalistic"
"567","108932","cheeky"
"567","108932","clever"
"567","108932","colorful"
"567","108932","feel-good"
"567","108932","fun"
"567","108932","imaginative"
"567","108932","quirky"
"567","109487","bad dialogue"
"567","109487","philosophical issues"
"567","109487","thought-provoking"
"567","109487","visually appealing"
"567","112421","adorable"
"567","112421","black comedy"
"567","112421","Eccentric"
"567","112421","introspection"
"567","112421","mental illness"
"567","112421","quirky"
"567","112552","inspirational"
"567","112552","inspiring"
"567","112552","intense"
"567","112852","funny"
"567","112852","Great Visuals"
"567","112852","humorous"
"567","112852","unlikely hero"
"567","113705","bittersweet"
"567","114627","atmospheric"
"567","114627","bizzare"
"567","114627","eerie"
"567","114627","symbolism"
"567","116797","inspirational"
"567","116797","intelligent"
"567","117877","philosophical"
"567","117877","trippy"
"567","117887","heartwarming"
"567","119145","slick"
"567","122882","beautiful"
"567","122882","cinematography"
"567","122882","visually appealing"
"567","122912","Dark"
"567","122912","emotional"
"567","122912","Sad"
"567","122912","Visually appealing"
"567","122912","Visually stunning"
"567","122916","awesome"
"567","122916","humor"
"567","122916","quirky"
"567","122916","unconventional"
"567","122916","white guilt"
"567","122918","fun"
"567","122922","visually appealing"
"567","127298","depressing"
"567","127298","understated"
"567","134130","smart"
"567","134170","funny"
"567","134170","ridiculous"
"567","134170","silly"
"567","138036","slick"
"567","138036","stylish"
"567","139385","cinematography"
"567","139385","visually appealing"
"567","139385","Visually Striking"
"567","139644","atmospheric"
"567","139644","tension"
"567","140174","moving"
"567","140174","touching"
"567","141890","Moving"
"567","143367","contemplative"
"567","143367","philosophical"
"567","143367","thought-provoking"
"567","143367","tragic"
"567","148626","funny"
"567","148626","interesting"
"567","148626","Witty"
"567","148881","Existential"
"567","148881","surreal"
"567","152077","creepy"
"567","152077","suspense"
"567","153070","nightmare"
"567","155288","suspense"
"567","155288","thought-provoking"
"567","156605","quirky"
"567","156605","sweet"
"567","156605","understated"
"567","161634","intense"
"567","164179","beautiful visuals"
"567","164179","Cerebral"
"567","164179","cinematography"
"567","164179","good cinematography"
"567","164179","smart"
"567","164179","thought-provoking"
"567","164179","visually appealing"
"567","164909","Bittersweet"
"567","164909","visually appealing"
"567","167746","funny"
"567","167746","heartwarming"
"567","168252","dark"
"567","168252","emotional"
"567","168252","gritty"
"567","168252","heartbreaking"
"567","168252","predictible plot"
"567","170945","paranoia"
"567","170945","Suspenseful"
"567","174055","brilliant"
"567","174055","inspiring"
"567","174055","tense"
"567","176371","atmospheric"
"567","176371","beautiful"
"567","176371","cinematography"
"567","176371","dark"
"567","176371","dreamlike"
"567","176371","existentialism"
"567","176371","moody"
"567","176371","philosophical"
"567","176419","allegorical"
"567","176419","uncomfortable"
"567","176419","unsettling"
"567","180031","atmospheric"
"567","180031","dreamlike"
"567","180985","bad music"
"573","248","bad"
"573","248","Sinbad"
"573","413","Comedy"
"573","540","bad"
"573","707","bad"
"573","836","seen at the cinema"
"573","1441","Not Seen"
"573","1779","good"
"573","1801","seen more than once"
"573","2116","classic"
"573","2431","bad"
"573","2662","classic"
"573","2951","bad"
"573","4015","bad"
"573","4343","really bad"
"573","4343","Seann William Scott"
"573","4446","sci-fi"
"573","4448","boring"
"573","5064","remake"
"573","5254","Great movie"
"573","5254","Wesley Snipes"
"573","6016","not seen"
"573","6157","bad"
"573","6157","Ben Affleck"
"573","6373","classic"
"573","35836","BEST PICTURE"
"573","35836","classic"
"573","35836","hilarious"
"573","35836","steve carell"
"573","52712","HORRIBLE ACTING"
"573","52712","interesting"
"599","293","Action"
"599","293","assassin"
"599","293","assassination"
"599","293","assassins"
"599","293","awkward romance"
"599","293","corruption"
"599","293","crime"
"599","293","disturbing"
"599","293","drama"
"599","293","French"
"599","293","friendship"
"599","293","Gary Oldman"
"599","293","great acting"
"599","293","Guns"
"599","293","hit men"
"599","293","hitman"
"599","293","humorous"
"599","293","imdb top 250"
"599","293","Jean Reno"
"599","293","Lolita theme"
"599","293","loneliness"
"599","293","love story"
"599","293","Luc Besson"
"599","293","Natalie Portman"
"599","293","organized crime"
"599","293","police"
"599","293","police corruption"
"599","293","quirky"
"599","293","sniper"
"599","293","tense"
"599","293","touching"
"599","293","unique"
"599","296","1990s"
"599","296","achronological"
"599","296","action"
"599","296","action packed"
"599","296","aggressive"
"599","296","amazing"
"599","296","amazing dialogues"
"599","296","anthology"
"599","296","assassin"
"599","296","atmospheric"
"599","296","AWESOME"
"599","296","bad ass"
"599","296","bad language"
"599","296","bad-ass"
"599","296","bible"
"599","296","biblical references"
"599","296","big boys with guns"
"599","296","big name actors"
"599","296","Black comedy"
"599","296","black humor"
"599","296","black humour"
"599","296","blood"
"599","296","blood splatters"
"599","296","bloody"
"599","296","bruce willis"
"599","296","brutality"
"599","296","casual violence"
"599","296","character development"
"599","296","characters"
"599","296","classic"
"599","296","classic movie"
"599","296","coke"
"599","296","comedy"
"599","296","conversation"
"599","296","cool"
"599","296","cool style"
"599","296","crime"
"599","296","crime scene scrubbing"
"599","296","cult"
"599","296","cult classic"
"599","296","cult film"
"599","296","dance"
"599","296","dancing"
"599","296","dark"
"599","296","dark comedy"
"599","296","dark humor"
"599","296","dialogue"
"599","296","different"
"599","296","diner"
"599","296","disjointed timeline"
"599","296","disturbing"
"599","296","drama"
"599","296","drug overdose"
"599","296","drugs"
"599","296","drugs & music"
"599","296","ensemble cast"
"599","296","entertaining"
"599","296","entirely dialogue"
"599","296","episodic"
"599","296","exciting"
"599","296","fast paced"
"599","296","fast-paced"
"599","296","film noir"
"599","296","film-noir"
"599","296","foul language"
"599","296","fun"
"599","296","funny"
"599","296","gangster"
"599","296","gangsters"
"599","296","genius"
"599","296","golden watch"
"599","296","good dialogue"
"599","296","good music"
"599","296","gore"
"599","296","great acting"
"599","296","great dialogue"
"599","296","great soundtrack"
"599","296","gritty"
"599","296","guns"
"599","296","Harvey Keitel"
"599","296","heroin"
"599","296","Highly quotable"
"599","296","hit men"
"599","296","hitman"
"599","296","homosexuality"
"599","296","humour"
"599","296","iconic"
"599","296","imdb top 250"
"599","296","innovative"
"599","296","intellectual"
"599","296","intelligent"
"599","296","intense"
"599","296","interesting"
"599","296","intertwining storylines"
"599","296","interwoven storylines"
"599","296","ironic"
"599","296","irony"
"599","296","John Travolta"
"599","296","killer-as-protagonist"
"599","296","los angeles"
"599","296","Mafia"
"599","296","masterpiece"
"599","296","meaningless violence"
"599","296","milkshake"
"599","296","mobster"
"599","296","mobsters"
"599","296","monologue"
"599","296","motherfucker"
"599","296","multiple stories"
"599","296","multiple storylines"
"599","296","neo-noir"
"599","296","noir"
"599","296","non-linear"
"599","296","non-linear timeline"
"599","296","nonlinear"
"599","296","nonlinear narrative"
"599","296","nonlinear storyline"
"599","296","nonlinear timeline"
"599","296","notable soundtrack"
"599","296","offensive"
"599","296","organised crime"
"599","296","organized crime"
"599","296","original"
"599","296","original plot"
"599","296","out of order"
"599","296","Palme d'Or"
"599","296","parody"
"599","296","philosophical"
"599","296","pop culture references"
"599","296","psychological"
"599","296","pulp"
"599","296","Quentin Tarantino"
"599","296","quirky"
"599","296","Quotable"
"599","296","r:disturbing violent content including rape"
"599","296","r:disturbing violent images"
"599","296","r:graphic sexuality"
"599","296","r:some violence"
"599","296","r:strong bloody violence"
"599","296","r:strong language"
"599","296","r:sustained strong stylized violence"
"599","296","r:violence"
"599","296","random"
"599","296","rape"
"599","296","retro"
"599","296","Roger Avary"
"599","296","royal with cheese"
"599","296","Samuel L. Jackson"
"599","296","sarcasm"
"599","296","satire"
"599","296","sexy"
"599","296","smart writing"
"599","296","sophisticated"
"599","296","soundtrack"
"599","296","splatter"
"599","296","Steve Buscemi"
"599","296","storytelling"
"599","296","stylish"
"599","296","stylized"
"599","296","suspense"
"599","296","Tarantino"
"599","296","thought-provoking"
"599","296","thriller"
"599","296","travolta"
"599","296","twist ending"
"599","296","Uma Thurman"
"599","296","unique"
"599","296","unpredictable"
"599","296","unusual"
"599","296","very funny"
"599","296","violence"
"599","296","violent"
"599","296","witty"
"599","924","aliens"
"599","924","apes"
"599","924","Arthur C. Clarke"
"599","924","artificial intelligence"
"599","924","atmospheric"
"599","924","cinematography"
"599","924","classic"
"599","924","computer"
"599","924","confusing ending"
"599","924","cult film"
"599","924","Dull"
"599","924","future"
"599","924","futuristic"
"599","924","imdb top 250"
"599","924","masterpiece"
"599","924","meditative"
"599","924","music"
"599","924","mystery"
"599","924","Oscar (Best Effects - Visual Effects)"
"599","924","overrated"
"599","924","philosophical"
"599","924","relaxing"
"599","924","revolutionary"
"599","924","robots"
"599","924","sci-fi"
"599","924","setting:space/space ship"
"599","924","slow"
"599","924","slow paced"
"599","924","soundtrack"
"599","924","space"
"599","924","space travel"
"599","924","spacecraft"
"599","924","Stanley Kubrick"
"599","924","superb soundtrack"
"599","924","surreal"
"599","924","technology"
"599","924","tedious"
"599","924","visual"
"599","924","visually appealing"
"599","1732","black comedy"
"599","1732","bowling"
"599","1732","classic"
"599","1732","coen brothers"
"599","1732","comedy"
"599","1732","crime"
"599","1732","Cult classic"
"599","1732","cult film"
"599","1732","dark comedy"
"599","1732","deadpan"
"599","1732","drugs"
"599","1732","funny"
"599","1732","great dialogue"
"599","1732","great soundtrack"
"599","1732","Highly quotable"
"599","1732","imdb top 250"
"599","1732","Jeff Bridges"
"599","1732","John Goodman"
"599","1732","Julianne Moore"
"599","1732","kidnapping"
"599","1732","marijuana"
"599","1732","Nudity (Full Frontal)"
"599","1732","off-beat comedy"
"599","1732","Philip Seymour Hoffman"
"599","1732","quirky"
"599","1732","ransom"
"599","1732","rug"
"599","1732","sarcasm"
"599","1732","satirical"
"599","1732","Steve Buscemi"
"599","1732","violence"
"599","2959","action"
"599","2959","atmospheric"
"599","2959","based on a book"
"599","2959","Brad Pitt"
"599","2959","challenging"
"599","2959","Chuck Palahniuk"
"599","2959","classic"
"599","2959","clever"
"599","2959","complicated"
"599","2959","consumerism"
"599","2959","crime"
"599","2959","dark"
"599","2959","dark comedy"
"599","2959","David Fincher"
"599","2959","disturbing"
"599","2959","double life"
"599","2959","Edward Norton"
"599","2959","fighting"
"599","2959","great acting"
"599","2959","helena bonham carter"
"599","2959","imaginary friend"
"599","2959","imdb top 250"
"599","2959","mental illness"
"599","2959","mind-blowing"
"599","2959","mindfuck"
"599","2959","narrated"
"599","2959","Nudity (Topless)"
"599","2959","Palahnuik"
"599","2959","philosophical"
"599","2959","philosophy"
"599","2959","postmodern"
"599","2959","powerful ending"
"599","2959","psychological"
"599","2959","psychological thriller"
"599","2959","psychology"
"599","2959","quirky"
"599","2959","satirical"
"599","2959","schizophrenia"
"599","2959","social commentary"
"599","2959","societal criticism"
"599","2959","stylized"
"599","2959","surreal"
"599","2959","TERRORISM"
"599","2959","thought-provoking"
"599","2959","twist"
"599","2959","twist ending"
"599","2959","violence"
"599","2959","violent"
"600","273","gothic"
"606","1357","music"
"606","1948","British"
"606","3578","Romans"
"606","5694","70mm"
"606","6107","World War II"
"606","7382","for katie"
"606","7936","austere"
"610","3265","gun fu"
"610","3265","heroic bloodshed"
"610","168248","Heroic Bloodshed"